CustomerID,Churn_Probability,Predicted_12M_Revenue,Customer_Segment,Anomaly_Flag,Retention_Priority
CUST-00001,0.23765164132828778,5901.388861655554,1,0,Standard/Low Priority
CUST-00002,0.18194553323908377,4203.179150438215,2,0,Standard/Low Priority
CUST-00003,0.18084976868541147,4031.1150245656413,1,0,Standard/Low Priority
CUST-00004,0.18248496576288345,4228.613043648945,2,0,Standard/Low Priority
CUST-00005,0.18434702739109618,4729.8763596018625,1,0,Standard/Low Priority
CUST-00006,0.12554973534516173,5306.722925108511,2,0,Standard/Low Priority
CUST-00007,0.23082488479661417,4052.35844064759,2,0,Standard/Low Priority
CUST-00008,0.1356143495436052,5482.292181982771,2,0,Standard/Low Priority
CUST-00009,0.11962480395869049,3461.8241826836947,2,0,Standard/Low Priority
CUST-00010,0.13862078452925858,4317.025901092497,2,0,Standard/Low Priority
CUST-00011,0.18398298250294612,4870.465309233399,0,0,Standard/Low Priority
CUST-00012,0.1461785609212437,7137.586282671088,0,0,Standard/Low Priority
CUST-00013,0.21764361182846684,5315.734295203782,0,0,Standard/Low Priority
CUST-00014,0.20494728960958156,4726.201931274884,2,0,Standard/Low Priority
CUST-00015,0.1921321905386266,4658.944991468418,1,0,Standard/Low Priority
CUST-00016,0.14661347191608967,5519.000305020283,2,0,Standard/Low Priority
CUST-00017,0.12471485479820504,5064.239199605059,2,0,Standard/Low Priority
CUST-00018,0.1530688276929492,6989.621542580883,0,0,Standard/Low Priority
CUST-00019,0.1176560928565402,3734.8657756808943,2,0,Standard/Low Priority
CUST-00020,0.2204161832937217,5918.55294437846,1,0,Standard/Low Priority
CUST-00021,0.16002505777804948,5004.7973757899945,2,0,Standard/Low Priority
CUST-00022,0.12164426939161242,6244.630335905518,1,0,Standard/Low Priority
CUST-00023,0.2220314896411036,4721.209232764005,2,0,Standard/Low Priority
CUST-00024,0.1330213661139412,4316.823654445998,2,0,Standard/Low Priority
CUST-00025,0.26349883960670845,4705.768082483389,2,0,Standard/Low Priority
CUST-00026,0.18473270651580573,4371.776477796933,2,0,Standard/Low Priority
CUST-00027,0.2608228365783207,6602.221432305774,0,0,Standard/Low Priority
CUST-00028,0.20010466740675933,4609.290112179239,2,0,Standard/Low Priority
CUST-00029,0.1225331868656225,5715.02116572168,2,0,Standard/Low Priority
CUST-00030,0.24784009333603713,3944.058167354282,2,0,Standard/Low Priority
CUST-00031,0.18517696095030495,4712.383452724333,1,0,Standard/Low Priority
CUST-00032,0.12817746030007496,7821.880242966472,0,0,Standard/Low Priority
CUST-00033,0.15381493419038983,6882.915379182788,2,0,Standard/Low Priority
CUST-00034,0.14888553766455584,8284.518780381366,0,0,Standard/Low Priority
CUST-00035,0.13955780688343075,5950.477548711953,0,0,Standard/Low Priority
CUST-00036,0.19769555428157634,4696.8649300704665,2,0,Standard/Low Priority
CUST-00037,0.18284189615883456,4073.553646980296,2,0,Standard/Low Priority
CUST-00038,0.15133226224717103,6366.315426028131,0,0,Standard/Low Priority
CUST-00039,0.18647682505088425,5524.740611916841,0,0,Standard/Low Priority
CUST-00040,0.11579102197003659,4287.732696541099,2,0,Standard/Low Priority
CUST-00041,0.12924513889873762,7826.031383830567,0,0,Standard/Low Priority
CUST-00042,0.12884642773513877,7901.909210798091,1,0,Standard/Low Priority
CUST-00043,0.1456121223658069,7875.639013940076,0,0,Standard/Low Priority
CUST-00044,0.12180647863624267,6328.342317284906,1,0,Standard/Low Priority
CUST-00045,0.15750821569125414,6824.027457649135,0,0,Standard/Low Priority
CUST-00046,0.20742196350171924,4076.1012437236623,1,0,Standard/Low Priority
CUST-00047,0.1822332765697627,3111.017552162935,2,0,Standard/Low Priority
CUST-00048,0.22116732398953565,3660.0818135398094,2,0,Standard/Low Priority
CUST-00049,0.12272051293214602,6222.927603620848,0,0,Standard/Low Priority
CUST-00050,0.2126783413037753,4556.83953595989,0,0,Standard/Low Priority
CUST-00051,0.21105974887048018,3820.137551603198,2,0,Standard/Low Priority
CUST-00052,0.1435922743862153,6081.568861938333,0,0,Standard/Low Priority
CUST-00053,0.18836520477527777,4546.303685663867,0,0,Standard/Low Priority
CUST-00054,0.19308132182978743,7310.386680894231,0,1,Standard/Low Priority
CUST-00055,0.16542976199305046,3961.955023320994,1,0,Standard/Low Priority
CUST-00056,0.1910779102442446,4114.656066566384,2,0,Standard/Low Priority
CUST-00057,0.24015168483453445,3870.407693431972,1,0,Standard/Low Priority
CUST-00058,0.1630671699804065,5484.274895474491,0,0,Standard/Low Priority
CUST-00059,0.15535663593165547,7096.925873924963,1,0,Standard/Low Priority
CUST-00060,0.13100027687394647,7686.206161116162,0,0,Standard/Low Priority
CUST-00061,0.13065817505951183,5127.0195601967725,1,0,Standard/Low Priority
CUST-00062,0.12829094856956288,4810.247753684632,2,0,Standard/Low Priority
CUST-00063,0.251291269645711,7812.98724036393,0,0,Standard/Low Priority
CUST-00064,0.15758842296150033,6434.3196360083675,0,0,Standard/Low Priority
CUST-00065,0.18340592186529053,5118.597718701149,0,0,Standard/Low Priority
CUST-00066,0.21966928286505286,6918.99021272572,0,0,Standard/Low Priority
CUST-00067,0.16612543663255533,4925.330827453637,2,0,Standard/Low Priority
CUST-00068,0.166702412137214,5846.861716659039,2,0,Standard/Low Priority
CUST-00069,0.19466698912566724,4835.211746176986,2,0,Standard/Low Priority
CUST-00070,0.21452070345597793,3414.601277097112,2,0,Standard/Low Priority
CUST-00071,0.17580166218953847,3035.8633692395424,2,0,Standard/Low Priority
CUST-00072,0.2257674822558662,7189.488920051727,0,0,Standard/Low Priority
CUST-00073,0.15560078562465496,6586.646397334241,1,0,Standard/Low Priority
CUST-00074,0.168527506606569,3846.753909870755,2,0,Standard/Low Priority
CUST-00075,0.1337831930284882,7130.058427262177,0,0,Standard/Low Priority
CUST-00076,0.13778178655647041,7553.7400110961435,0,0,Standard/Low Priority
CUST-00077,0.22067726418225142,5676.046555910279,0,0,Standard/Low Priority
CUST-00078,0.14569004661693122,4412.056332264736,1,1,Standard/Low Priority
CUST-00079,0.1593639987764063,7306.865165285131,0,0,Standard/Low Priority
CUST-00080,0.16540095212296357,3859.4075058358762,2,0,Standard/Low Priority
CUST-00081,0.18339398594394607,3366.153450701605,2,0,Standard/Low Priority
CUST-00082,0.11670380613404398,6002.586184570556,1,0,Standard/Low Priority
CUST-00083,0.24961193867972267,6517.3869139034905,0,0,Standard/Low Priority
CUST-00084,0.21006310295126834,5627.475872484074,1,0,Standard/Low Priority
CUST-00085,0.23538656664781837,6012.807167321058,0,0,Standard/Low Priority
CUST-00086,0.171920607359382,3154.2931533504425,2,0,Standard/Low Priority
CUST-00087,0.15240994375013292,7830.250714036316,0,0,Standard/Low Priority
CUST-00088,0.21218394050394815,4152.736796866293,2,0,Standard/Low Priority
CUST-00089,0.13154465307118351,6325.6601444145035,1,0,Standard/Low Priority
CUST-00090,0.23341264302782108,3747.2860259046147,2,0,Standard/Low Priority
CUST-00091,0.1291037234025174,6109.665167869183,1,0,Standard/Low Priority
CUST-00092,0.20519272918977383,4249.250239993386,2,0,Standard/Low Priority
CUST-00093,0.12191259145812718,9515.451296429907,0,0,Standard/Low Priority
CUST-00094,0.1529319221637503,6076.797539347413,2,0,Standard/Low Priority
CUST-00095,0.24456129641449145,7058.129541876887,0,0,Standard/Low Priority
CUST-00096,0.19327793073367716,7543.16369359101,1,0,Standard/Low Priority
CUST-00097,0.18032151039915917,3954.9177026254865,2,0,Standard/Low Priority
CUST-00098,0.16399462663144665,6835.217752224105,0,1,Standard/Low Priority
CUST-00099,0.11709812185929362,4494.439426207095,2,0,Standard/Low Priority
CUST-00100,0.21070083797598002,3000.408287552659,2,0,Standard/Low Priority
CUST-00101,0.260267103570501,2860.33272905005,2,1,Standard/Low Priority
CUST-00102,0.17406645415081934,4476.16342896493,2,0,Standard/Low Priority
CUST-00103,0.15973582219003907,8377.073963978068,0,0,Standard/Low Priority
CUST-00104,0.15295081491282603,3420.540802188879,2,0,Standard/Low Priority
CUST-00105,0.22364525096622478,4777.8621125577965,2,0,Standard/Low Priority
CUST-00106,0.18091488020711607,4702.434580106447,1,0,Standard/Low Priority
CUST-00107,0.206883054889811,3311.786004999644,2,0,Standard/Low Priority
CUST-00108,0.1357584650105297,6446.487360230831,2,0,Standard/Low Priority
CUST-00109,0.23207074710288134,6544.673939513428,0,0,Standard/Low Priority
CUST-00110,0.1766255803686183,6355.611901872973,0,0,Standard/Low Priority
CUST-00111,0.1434443266036281,8249.407899786225,1,0,Standard/Low Priority
CUST-00112,0.16994055111641046,2747.4549975859127,2,0,Standard/Low Priority
CUST-00113,0.14188394906565702,8894.474083060819,0,1,Standard/Low Priority
CUST-00114,0.2019853218519652,4632.708347498027,2,0,Standard/Low Priority
CUST-00115,0.17897121829084703,4716.530715758406,2,0,Standard/Low Priority
CUST-00116,0.15475313077916747,7049.769425675937,0,0,Standard/Low Priority
CUST-00117,0.2004057801390558,6070.648871424409,0,0,Standard/Low Priority
CUST-00118,0.23528130364192978,4094.2507375549626,2,0,Standard/Low Priority
CUST-00119,0.15515041388421233,4772.264310626273,2,0,Standard/Low Priority
CUST-00120,0.12861491886377516,8174.252954849376,0,0,Standard/Low Priority
CUST-00121,0.12350578534524864,4000.806181389398,2,0,Standard/Low Priority
CUST-00122,0.23305165324743593,6430.843113402198,1,1,Standard/Low Priority
CUST-00123,0.2683569455178326,4731.680257577168,1,0,Standard/Low Priority
CUST-00124,0.2139022544173601,3103.498869568242,2,0,Standard/Low Priority
CUST-00125,0.18879416226255066,7187.138732237788,0,0,Standard/Low Priority
CUST-00126,0.14484442822500343,7055.852827427887,0,0,Standard/Low Priority
CUST-00127,0.22197211163544728,6513.344419173818,0,0,Standard/Low Priority
CUST-00128,0.125546653789716,6202.349120972327,2,0,Standard/Low Priority
CUST-00129,0.198380126733973,5654.696984364391,1,0,Standard/Low Priority
CUST-00130,0.1261277949414741,5034.594458813139,2,0,Standard/Low Priority
CUST-00131,0.18805747626961847,5320.096979650808,2,0,Standard/Low Priority
CUST-00132,0.1810703037403595,6633.646577133097,0,0,Standard/Low Priority
CUST-00133,0.14501012391213602,4769.861667193701,2,0,Standard/Low Priority
CUST-00134,0.16111960368498668,7183.550585785808,0,0,Standard/Low Priority
CUST-00135,0.19978573252568146,5954.3386597276285,1,0,Standard/Low Priority
CUST-00136,0.20545225235243536,3524.777614070767,2,0,Standard/Low Priority
CUST-00137,0.1250562618824685,5657.729697599619,1,0,Standard/Low Priority
CUST-00138,0.20078548001183474,3600.130842578311,2,0,Standard/Low Priority
CUST-00139,0.12464291412235061,6423.904004558808,0,0,Standard/Low Priority
CUST-00140,0.11586376689987957,7218.719909179445,0,0,Standard/Low Priority
CUST-00141,0.19119402790633366,4387.176240045988,2,0,Standard/Low Priority
CUST-00142,0.2339174421422186,6513.318861025942,1,0,Standard/Low Priority
CUST-00143,0.19000624629327764,4363.088941444578,2,0,Standard/Low Priority
CUST-00144,0.16317582285564447,5857.053702426839,1,0,Standard/Low Priority
CUST-00145,0.231571209275993,4535.38215920592,1,0,Standard/Low Priority
CUST-00146,0.136134825985814,6347.2956709832,0,0,Standard/Low Priority
CUST-00147,0.24136372218539442,5725.16088530513,0,0,Standard/Low Priority
CUST-00148,0.11122428825838701,5792.09366553933,0,0,Standard/Low Priority
CUST-00149,0.20800874630054303,4815.089941568105,1,0,Standard/Low Priority
CUST-00150,0.2213332906867403,5614.572073504628,0,0,Standard/Low Priority
CUST-00151,0.13511706262223153,3787.443843959489,2,0,Standard/Low Priority
CUST-00152,0.14212863247299615,3253.7105649391647,2,1,Standard/Low Priority
CUST-00153,0.23582002395481524,4976.012358108252,1,0,Standard/Low Priority
CUST-00154,0.24845381576741637,4275.99857119852,2,0,Standard/Low Priority
CUST-00155,0.12499581730869448,4044.3786494543538,2,0,Standard/Low Priority
CUST-00156,0.2043978256811464,4843.196740172859,1,0,Standard/Low Priority
CUST-00157,0.18140314622175574,6077.760457770306,0,0,Standard/Low Priority
CUST-00158,0.16778119359298432,5427.930390814325,0,0,Standard/Low Priority
CUST-00159,0.26956753260564875,5927.724760564928,0,0,Standard/Low Priority
CUST-00160,0.11428947954041205,5878.108653592634,0,0,Standard/Low Priority
CUST-00161,0.11444124208570494,5358.374734535375,2,0,Standard/Low Priority
CUST-00162,0.24477091807013893,4925.163940523456,0,0,Standard/Low Priority
CUST-00163,0.13044141830468167,7792.410725989308,0,0,Standard/Low Priority
CUST-00164,0.20549053559155786,5226.662334641819,0,0,Standard/Low Priority
CUST-00165,0.13987203269389967,6292.795230214512,0,0,Standard/Low Priority
CUST-00166,0.1998698270687246,5307.5289969199985,2,0,Standard/Low Priority
CUST-00167,0.22179519739037226,6797.214580127919,0,0,Standard/Low Priority
CUST-00168,0.16324810107987325,7444.2609864592705,0,0,Standard/Low Priority
CUST-00169,0.21772687626418602,4753.134588582636,1,0,Standard/Low Priority
CUST-00170,0.24771053047645292,5840.284894914692,0,1,Standard/Low Priority
CUST-00171,0.18204995548741862,4846.431099535723,2,0,Standard/Low Priority
CUST-00172,0.19370522913302815,7143.729677277906,0,0,Standard/Low Priority
CUST-00173,0.21248827678045953,4531.330578097495,2,0,Standard/Low Priority
CUST-00174,0.11624764228412754,7289.265939403402,0,0,Standard/Low Priority
CUST-00175,0.14158921250925607,6229.461728641237,1,0,Standard/Low Priority
CUST-00176,0.13253333192924535,6587.824731850158,0,0,Standard/Low Priority
CUST-00177,0.16326866621781022,4004.7599350315654,2,0,Standard/Low Priority
CUST-00178,0.14318060404562835,5374.5895950860695,2,0,Standard/Low Priority
CUST-00179,0.17922181478708588,4078.922166463759,2,0,Standard/Low Priority
CUST-00180,0.15097731903180184,6313.324454026138,1,0,Standard/Low Priority
CUST-00181,0.14997866471953109,3622.132001858083,2,0,Standard/Low Priority
CUST-00182,0.23699035188406115,5823.203140710516,1,0,Standard/Low Priority
CUST-00183,0.11108415393502895,6775.441679861322,0,0,Standard/Low Priority
CUST-00184,0.18030450374354004,6024.9046823442395,0,0,Standard/Low Priority
CUST-00185,0.18895167366485935,3374.526512248079,2,0,Standard/Low Priority
CUST-00186,0.24781636516381023,5827.506050051572,0,0,Standard/Low Priority
CUST-00187,0.12644073002658845,2893.3478385964545,2,0,Standard/Low Priority
CUST-00188,0.1279496228259671,6144.656967669596,2,0,Standard/Low Priority
CUST-00189,0.13914356546680604,9108.797436152998,0,0,Standard/Low Priority
CUST-00190,0.21521008112885426,2437.638978421003,2,1,Standard/Low Priority
CUST-00191,0.1250181292582765,3503.211559873425,2,0,Standard/Low Priority
CUST-00192,0.12240093066704887,4119.362567841978,2,0,Standard/Low Priority
CUST-00193,0.13017622843922372,7086.511603062427,0,0,Standard/Low Priority
CUST-00194,0.15217131993967012,4202.1821633757045,2,1,Standard/Low Priority
CUST-00195,0.2515892804935284,6372.984468034524,0,0,Standard/Low Priority
CUST-00196,0.11254300504381996,4599.5457732863315,2,0,Standard/Low Priority
CUST-00197,0.18550731605259357,4726.223789467186,2,0,Standard/Low Priority
CUST-00198,0.21760367742741715,3166.808954501933,2,0,Standard/Low Priority
CUST-00199,0.20332072971737739,4847.855872739752,1,0,Standard/Low Priority
CUST-00200,0.2335466876896889,3644.8880144538216,2,0,Standard/Low Priority
CUST-00201,0.2299092546706958,6973.196208653643,0,0,Standard/Low Priority
CUST-00202,0.24432586474640267,3704.4511187600556,2,0,Standard/Low Priority
CUST-00203,0.11704644100854673,5532.181286510457,2,0,Standard/Low Priority
CUST-00204,0.1540238603334917,6998.831857165103,1,0,Standard/Low Priority
CUST-00205,0.2303210941395815,5426.714399078809,0,0,Standard/Low Priority
CUST-00206,0.22193960460541923,5342.036647867306,0,0,Standard/Low Priority
CUST-00207,0.11927123367132912,4451.719179737621,2,0,Standard/Low Priority
CUST-00208,0.2270042987755153,3701.2911270528584,2,0,Standard/Low Priority
CUST-00209,0.14898326806433398,6025.113090235794,1,0,Standard/Low Priority
CUST-00210,0.1296744282521553,8303.352838382927,0,0,Standard/Low Priority
CUST-00211,0.20840823516121731,5605.974494977174,2,0,Standard/Low Priority
CUST-00212,0.23086759343901175,3137.11140927318,2,0,Standard/Low Priority
CUST-00213,0.2261004751420348,4797.65076454654,2,0,Standard/Low Priority
CUST-00214,0.12488242080744229,6505.995680814275,0,0,Standard/Low Priority
CUST-00215,0.21336529505358415,4893.779003241032,0,0,Standard/Low Priority
CUST-00216,0.1253813697303938,7351.759205825219,1,1,Standard/Low Priority
CUST-00217,0.18728540919906667,5058.384361063187,2,0,Standard/Low Priority
CUST-00218,0.13328057561630355,8252.633431618624,0,0,Standard/Low Priority
CUST-00219,0.13293267376425333,5623.622955890151,2,0,Standard/Low Priority
CUST-00220,0.1644527478873209,4249.849318916859,2,0,Standard/Low Priority
CUST-00221,0.2572178823640665,5940.753200742117,0,0,Standard/Low Priority
CUST-00222,0.11258529363432372,6188.521827982371,1,1,Standard/Low Priority
CUST-00223,0.19067048629287206,4583.887743165633,1,0,Standard/Low Priority
CUST-00224,0.2589737456590231,4831.827152013022,1,0,Standard/Low Priority
CUST-00225,0.21623554610049583,3828.6187483658246,2,0,Standard/Low Priority
CUST-00226,0.2195043165320863,4881.2474371530425,0,0,Standard/Low Priority
CUST-00227,0.1192053467440159,6198.07370116184,2,0,Standard/Low Priority
CUST-00228,0.1808147255033158,4574.499651369316,1,0,Standard/Low Priority
CUST-00229,0.135188892169726,8322.181011245562,0,0,Standard/Low Priority
CUST-00230,0.15814870494026592,7124.9413513061345,1,0,Standard/Low Priority
CUST-00231,0.20192330952322976,5439.660769543344,2,0,Standard/Low Priority
CUST-00232,0.13520836385872095,8082.219575057923,0,0,Standard/Low Priority
CUST-00233,0.17809221495448754,4850.76740515995,2,0,Standard/Low Priority
CUST-00234,0.16754847536248582,5600.637676149215,1,1,Standard/Low Priority
CUST-00235,0.1818396861462726,6078.335248874174,0,0,Standard/Low Priority
CUST-00236,0.2243580567787993,5396.544911521732,1,0,Standard/Low Priority
CUST-00237,0.21081866970288118,5471.704382092191,0,0,Standard/Low Priority
CUST-00238,0.215005737654781,5716.339108460067,0,0,Standard/Low Priority
CUST-00239,0.1914391718683469,4554.621234840092,2,0,Standard/Low Priority
CUST-00240,0.21305594568398661,4658.944991468418,1,0,Standard/Low Priority
CUST-00241,0.12982907243428093,4911.735050513452,2,0,Standard/Low Priority
CUST-00242,0.17509355651082908,5073.980227469695,2,0,Standard/Low Priority
CUST-00243,0.1296894077936793,5551.504128666758,1,0,Standard/Low Priority
CUST-00244,0.16472351946943603,7057.883876330833,0,0,Standard/Low Priority
CUST-00245,0.13835056577143173,5054.79822121689,2,0,Standard/Low Priority
CUST-00246,0.11932650305832646,7187.480172546292,0,0,Standard/Low Priority
CUST-00247,0.12522993587837505,3689.044610742179,2,0,Standard/Low Priority
CUST-00248,0.1246007774287408,6718.30109646494,0,0,Standard/Low Priority
CUST-00249,0.1364593876955558,7794.7179332125,0,0,Standard/Low Priority
CUST-00250,0.1481949344035748,4491.939934253667,2,0,Standard/Low Priority
CUST-00251,0.22384836146679873,4680.051073201933,2,0,Standard/Low Priority
CUST-00252,0.12567688450962958,6382.646028847717,1,0,Standard/Low Priority
CUST-00253,0.13831165654580033,5580.8776740681205,1,0,Standard/Low Priority
CUST-00254,0.17979014684494443,4230.4601672959725,2,0,Standard/Low Priority
CUST-00255,0.17800203936527162,3884.5516614801395,2,0,Standard/Low Priority
CUST-00256,0.11907177793925722,6546.0199405454305,0,0,Standard/Low Priority
CUST-00257,0.1394926785225146,5791.069496906263,0,0,Standard/Low Priority
CUST-00258,0.21734097001417624,5700.7331440012695,1,0,Standard/Low Priority
CUST-00259,0.204121685210958,5524.31908800854,0,0,Standard/Low Priority
CUST-00260,0.15721890340424813,3317.007234033683,2,0,Standard/Low Priority
CUST-00261,0.14027995783707378,5501.970554660022,2,0,Standard/Low Priority
CUST-00262,0.13677766551780435,8323.015455199986,0,0,Standard/Low Priority
CUST-00263,0.170513546110531,4471.576684342373,2,0,Standard/Low Priority
CUST-00264,0.16547876132104697,4497.106326071105,2,0,Standard/Low Priority
CUST-00265,0.20087693910631554,3421.741175858204,2,0,Standard/Low Priority
CUST-00266,0.12619347125003905,5079.4055305906195,2,0,Standard/Low Priority
CUST-00267,0.13948555991132286,5693.732384082189,2,0,Standard/Low Priority
CUST-00268,0.20776170930143537,4592.6221332731075,0,0,Standard/Low Priority
CUST-00269,0.2116685948093474,5435.886751330121,1,0,Standard/Low Priority
CUST-00270,0.16984828995427495,3639.1771382568195,2,0,Standard/Low Priority
CUST-00271,0.11687437369366173,6618.127885132578,0,0,Standard/Low Priority
CUST-00272,0.14975122895120765,3708.2039930947954,2,1,Standard/Low Priority
CUST-00273,0.1652785325209199,5360.3946323316,0,0,Standard/Low Priority
CUST-00274,0.13623295018301568,8629.049995639269,0,0,Standard/Low Priority
CUST-00275,0.12196177877426813,4322.6659170464645,2,0,Standard/Low Priority
CUST-00276,0.13864168911181138,4978.116193574911,2,0,Standard/Low Priority
CUST-00277,0.17501599661992645,3005.512715300175,2,0,Standard/Low Priority
CUST-00278,0.20698740603137927,5235.973081293916,0,0,Standard/Low Priority
CUST-00279,0.1508857261752842,7621.873027580153,0,0,Standard/Low Priority
CUST-00280,0.11429410957966703,6177.374212078318,2,0,Standard/Low Priority
CUST-00281,0.1568903088893777,4805.2214257053865,2,0,Standard/Low Priority
CUST-00282,0.10902265715573488,3701.8295784825814,2,0,Standard/Low Priority
CUST-00283,0.18317338725893273,4164.037499024445,1,0,Standard/Low Priority
CUST-00284,0.2186756712347642,2895.467041087762,2,0,Standard/Low Priority
CUST-00285,0.19537350641189286,5682.051429026859,0,0,Standard/Low Priority
CUST-00286,0.15776832728096854,7375.940649844409,1,1,Standard/Low Priority
CUST-00287,0.20309611682116702,5552.864679655784,0,0,Standard/Low Priority
CUST-00288,0.12048598457341526,6342.383422452012,0,0,Standard/Low Priority
CUST-00289,0.13136801316798977,6851.261616404285,0,0,Standard/Low Priority
CUST-00290,0.1482421292400543,5631.391920401762,2,0,Standard/Low Priority
CUST-00291,0.16005856376097471,7275.604957182499,0,0,Standard/Low Priority
CUST-00292,0.13105354773704764,7931.396913785473,0,0,Standard/Low Priority
CUST-00293,0.16919062409881303,3536.913188282011,2,0,Standard/Low Priority
CUST-00294,0.1661532703733261,5602.7365037894715,2,0,Standard/Low Priority
CUST-00295,0.2881358108107947,5813.653251005902,0,0,Standard/Low Priority
CUST-00296,0.17838514329942082,5520.0812979853645,0,0,Standard/Low Priority
CUST-00297,0.14210755722997911,6109.252607673093,2,0,Standard/Low Priority
CUST-00298,0.13331528297591913,6838.234632347074,0,0,Standard/Low Priority
CUST-00299,0.24496022810997303,6256.631763808758,0,0,Standard/Low Priority
CUST-00300,0.2139931418274238,4854.2090084593465,0,0,Standard/Low Priority
CUST-00301,0.26198994408195253,4345.250840635279,2,0,Standard/Low Priority
CUST-00302,0.13068391516062358,5883.844851160515,1,0,Standard/Low Priority
CUST-00303,0.14785473384302164,6765.1961881196885,1,0,Standard/Low Priority
CUST-00304,0.22143744131406323,4521.726557611692,0,0,Standard/Low Priority
CUST-00305,0.13718862405505944,6510.862303502718,1,0,Standard/Low Priority
CUST-00306,0.1317554506182148,8908.331564904744,0,0,Standard/Low Priority
CUST-00307,0.13342271555887986,7343.561864203035,1,0,Standard/Low Priority
CUST-00308,0.2518354476877482,5021.1528942376235,0,0,Standard/Low Priority
CUST-00309,0.13862103598249903,5325.706080454426,1,0,Standard/Low Priority
CUST-00310,0.18861389899626146,3605.949164787605,2,0,Standard/Low Priority
CUST-00311,0.21094640359122319,5725.16088530513,0,0,Standard/Low Priority
CUST-00312,0.16566166018866088,3200.108921849451,2,0,Standard/Low Priority
CUST-00313,0.18139536448185062,3481.2244588878375,2,0,Standard/Low Priority
CUST-00314,0.13109278819277137,4832.689125584851,2,0,Standard/Low Priority
CUST-00315,0.20671258263187853,4771.494063296165,0,0,Standard/Low Priority
CUST-00316,0.2349950542714474,5899.805193830915,0,0,Standard/Low Priority
CUST-00317,0.17427524636608097,4940.647668483714,2,0,Standard/Low Priority
CUST-00318,0.19320875135288368,5366.7120294644,1,0,Standard/Low Priority
CUST-00319,0.19706556942850897,6756.245560891421,0,0,Standard/Low Priority
CUST-00320,0.18709674167608795,4668.136479367753,2,0,Standard/Low Priority
CUST-00321,0.1914305221750589,4838.754843160734,2,0,Standard/Low Priority
CUST-00322,0.12860183326731384,5640.771912161032,2,0,Standard/Low Priority
CUST-00323,0.21263559782565486,5863.291765400741,1,0,Standard/Low Priority
CUST-00324,0.16644107184764195,10503.01833930634,0,1,Standard/Low Priority
CUST-00325,0.15768955746877297,4916.601573865627,2,0,Standard/Low Priority
CUST-00326,0.12398796061381862,4768.2512652516425,2,0,Standard/Low Priority
CUST-00327,0.12805997286534568,3492.3614677501005,1,0,Standard/Low Priority
CUST-00328,0.23278055551700852,7006.3366419490585,0,0,Standard/Low Priority
CUST-00329,0.1231585105087852,7363.609673047593,0,0,Standard/Low Priority
CUST-00330,0.16360502242540165,9229.89964356829,0,0,Standard/Low Priority
CUST-00331,0.21992600879597007,4652.291387562237,1,0,Standard/Low Priority
CUST-00332,0.12948254559816127,7910.1948922272795,0,0,Standard/Low Priority
CUST-00333,0.19454188785732243,4891.047677621812,2,0,Standard/Low Priority
CUST-00334,0.13042038894119415,6540.398642859074,1,0,Standard/Low Priority
CUST-00335,0.12573144225969363,4226.424624276517,2,0,Standard/Low Priority
CUST-00336,0.18366169602908974,4758.8202812755,1,0,Standard/Low Priority
CUST-00337,0.1520307649085316,4732.9609513748255,2,0,Standard/Low Priority
CUST-00338,0.152595687304331,4546.616399620015,2,0,Standard/Low Priority
CUST-00339,0.12641309245345808,4845.213347571383,2,0,Standard/Low Priority
CUST-00340,0.2563841632646497,6451.915759256968,0,0,Standard/Low Priority
CUST-00341,0.2519341849397206,5213.0035487690975,1,0,Standard/Low Priority
CUST-00342,0.14577162904149296,2812.3068560962297,2,1,Standard/Low Priority
CUST-00343,0.16586305767909884,4065.0029461639983,2,0,Standard/Low Priority
CUST-00344,0.11791638490799501,6137.740277416392,1,0,Standard/Low Priority
CUST-00345,0.12412427607760834,4104.700513464288,2,0,Standard/Low Priority
CUST-00346,0.1434163307973016,8196.825880424401,0,0,Standard/Low Priority
CUST-00347,0.12882363728070462,4355.9040521060215,2,0,Standard/Low Priority
CUST-00348,0.2753747961568408,5735.205798408761,0,0,Standard/Low Priority
CUST-00349,0.15732218637066017,6760.754770342621,0,0,Standard/Low Priority
CUST-00350,0.15665327192054032,5509.946539129289,2,0,Standard/Low Priority
CUST-00351,0.21146206045541283,5349.355436652101,0,0,Standard/Low Priority
CUST-00352,0.26465751578401236,3666.9483331639717,2,0,Standard/Low Priority
CUST-00353,0.20878188365696837,3335.3955438667376,1,0,Standard/Low Priority
CUST-00354,0.16130435521804415,7181.39254330188,0,0,Standard/Low Priority
CUST-00355,0.159712115624247,3269.808482584675,2,1,Standard/Low Priority
CUST-00356,0.15783646302399892,6509.463351334692,2,0,Standard/Low Priority
CUST-00357,0.13352497119759182,6309.871991042851,0,0,Standard/Low Priority
CUST-00358,0.13292813523399372,5563.363748159271,2,0,Standard/Low Priority
CUST-00359,0.22850708021621144,5520.885349403287,0,0,Standard/Low Priority
CUST-00360,0.16091978331976406,4636.03771308825,2,0,Standard/Low Priority
CUST-00361,0.1856372196501826,5877.446101505887,0,0,Standard/Low Priority
CUST-00362,0.1474729934493306,6106.146552132475,0,0,Standard/Low Priority
CUST-00363,0.22935881567997957,5567.603264313302,0,0,Standard/Low Priority
CUST-00364,0.14237669421246227,6173.4825401333665,1,0,Standard/Low Priority
CUST-00365,0.21238249100549234,6744.701214997816,0,0,Standard/Low Priority
CUST-00366,0.21691134243206625,5010.768885083569,0,0,Standard/Low Priority
CUST-00367,0.1233983248798606,6540.42420100695,0,0,Standard/Low Priority
CUST-00368,0.2129143385139229,6199.139719182476,0,0,Standard/Low Priority
CUST-00369,0.1319777623541837,4848.203253535594,2,0,Standard/Low Priority
CUST-00370,0.12583738994993415,7872.045956796657,0,0,Standard/Low Priority
CUST-00371,0.211260497802281,5614.98578544511,1,0,Standard/Low Priority
CUST-00372,0.1934728498792859,4730.648217480137,1,0,Standard/Low Priority
CUST-00373,0.12280762410561331,4867.581470138519,2,0,Standard/Low Priority
CUST-00374,0.15239192851772065,3988.8126633250363,2,0,Standard/Low Priority
CUST-00375,0.11907771289698058,3955.361837725327,2,0,Standard/Low Priority
CUST-00376,0.23895433413244593,7104.517373607498,0,1,Standard/Low Priority
CUST-00377,0.12151921309231332,3922.140190027512,2,0,Standard/Low Priority
CUST-00378,0.2331682924250966,5213.194842807909,0,0,Standard/Low Priority
CUST-00379,0.12281245082603476,2887.9311668854416,2,0,Standard/Low Priority
CUST-00380,0.1326893210460914,3545.778065016106,2,1,Standard/Low Priority
CUST-00381,0.16111682708702255,6125.052191257467,2,0,Standard/Low Priority
CUST-00382,0.21083098629354474,6467.798144721915,0,0,Standard/Low Priority
CUST-00383,0.19078405773689192,3970.861990014673,1,0,Standard/Low Priority
CUST-00384,0.2003390206972872,4497.698569164915,2,0,Standard/Low Priority
CUST-00385,0.19509833689191403,5563.3077350595995,0,0,Standard/Low Priority
CUST-00386,0.1781281014059525,5342.27446244319,1,0,Standard/Low Priority
CUST-00387,0.1334939277853049,4393.5940617470005,2,0,Standard/Low Priority
CUST-00388,0.16833765016069394,4785.407647063474,2,0,Standard/Low Priority
CUST-00389,0.25088067415021625,6482.255512332927,0,0,Standard/Low Priority
CUST-00390,0.14296388606529745,8328.893170256491,0,0,Standard/Low Priority
CUST-00391,0.20069109450325862,3434.4078617164805,2,0,Standard/Low Priority
CUST-00392,0.1926755229806046,4601.148805511558,2,0,Standard/Low Priority
CUST-00393,0.132845507020175,9078.627694065472,0,0,Standard/Low Priority
CUST-00394,0.17238616079320862,4238.399343469923,2,0,Standard/Low Priority
CUST-00395,0.16175075178707624,4044.0584045496853,2,1,Standard/Low Priority
CUST-00396,0.12580700114776125,5608.01787882541,1,0,Standard/Low Priority
CUST-00397,0.1848531305504648,2895.699253982666,2,0,Standard/Low Priority
CUST-00398,0.21166514067135844,6340.764592488615,0,0,Standard/Low Priority
CUST-00399,0.2577960119952042,5974.169441457907,0,0,Standard/Low Priority
CUST-00400,0.17864274776874167,2853.6896804114067,1,1,Standard/Low Priority
CUST-00401,0.13741674373190438,6801.89303825024,1,0,Standard/Low Priority
CUST-00402,0.21201811513433166,4523.811308911236,2,0,Standard/Low Priority
CUST-00403,0.2052413117127147,4833.670425141266,1,0,Standard/Low Priority
CUST-00404,0.19464187004398706,5381.758686074928,1,0,Standard/Low Priority
CUST-00405,0.14324122998770394,8250.962375146737,1,0,Standard/Low Priority
CUST-00406,0.24627953197551652,5393.573214728467,0,0,Standard/Low Priority
CUST-00407,0.16084324591441315,7213.07982078069,0,0,Standard/Low Priority
CUST-00408,0.1791889354711167,3703.4985314635846,2,0,Standard/Low Priority
CUST-00409,0.14404520231428472,10283.178198021866,0,0,Standard/Low Priority
CUST-00410,0.236874821566028,4758.1756364011035,2,0,Standard/Low Priority
CUST-00411,0.1888146512665181,3760.0723691212124,2,0,Standard/Low Priority
CUST-00412,0.21781182792404288,5254.424027712973,1,0,Standard/Low Priority
CUST-00413,0.21078164626982576,3309.7469413107347,2,0,Standard/Low Priority
CUST-00414,0.13739726358138976,3507.5750320270836,2,0,Standard/Low Priority
CUST-00415,0.16160487801741735,4837.3239536695655,2,0,Standard/Low Priority
CUST-00416,0.11107920535057657,4621.912934105528,2,0,Standard/Low Priority
CUST-00417,0.21005365494708717,4017.453180247428,2,0,Standard/Low Priority
CUST-00418,0.1371631319961161,8289.294272834004,0,0,Standard/Low Priority
CUST-00419,0.18311399785595775,2416.4897138788956,2,0,Standard/Low Priority
CUST-00420,0.1461380465524242,8820.427529535284,0,0,Standard/Low Priority
CUST-00421,0.14260130286107503,5337.263837097329,1,0,Standard/Low Priority
CUST-00422,0.1463492422786915,7906.992848452935,0,0,Standard/Low Priority
CUST-00423,0.15662596218738267,4002.468878415629,2,0,Standard/Low Priority
CUST-00424,0.1382453616881029,6625.600390608293,1,0,Standard/Low Priority
CUST-00425,0.14536381812209645,2410.117032037992,2,0,Standard/Low Priority
CUST-00426,0.21793293794547897,4475.096154620155,1,0,Standard/Low Priority
CUST-00427,0.12055816964740923,6275.233800110903,0,0,Standard/Low Priority
CUST-00428,0.2127695509264673,4558.807974594292,2,0,Standard/Low Priority
CUST-00429,0.1860946567086444,5936.074877794435,0,0,Standard/Low Priority
CUST-00430,0.13228308223833735,7120.296647459006,1,0,Standard/Low Priority
CUST-00431,0.21364730513399194,2399.7508032568444,2,1,Standard/Low Priority
CUST-00432,0.14534486519432074,6058.559321299944,1,0,Standard/Low Priority
CUST-00433,0.18946204401545216,5562.243995890398,0,0,Standard/Low Priority
CUST-00434,0.16148966515573457,4083.34225239408,2,0,Standard/Low Priority
CUST-00435,0.13827808948057585,10588.292805188456,1,1,Standard/Low Priority
CUST-00436,0.21470676978218606,6201.093059654533,0,0,Standard/Low Priority
CUST-00437,0.1277251518457645,5745.18938637484,2,0,Standard/Low Priority
CUST-00438,0.1378652517548487,4465.467949150804,2,0,Standard/Low Priority
CUST-00439,0.12503487219316844,5006.179403178114,2,0,Standard/Low Priority
CUST-00440,0.25186564476026146,4238.808823318467,2,0,Standard/Low Priority
CUST-00441,0.1425105562651086,5466.556200460881,0,0,Standard/Low Priority
CUST-00442,0.24039975121306775,4128.736745549029,2,0,Standard/Low Priority
CUST-00443,0.22044806119563687,3952.338840354405,1,0,Standard/Low Priority
CUST-00444,0.20491902610634227,4854.454130384668,0,0,Standard/Low Priority
CUST-00445,0.17567623054562623,6029.121491192777,0,0,Standard/Low Priority
CUST-00446,0.208321862615648,5626.803527959571,0,0,Standard/Low Priority
CUST-00447,0.2155203711831463,3764.2301646693427,2,0,Standard/Low Priority
CUST-00448,0.2581842465942077,4088.2929967323967,2,0,Standard/Low Priority
CUST-00449,0.1258743227985596,4463.368555697352,2,0,Standard/Low Priority
CUST-00450,0.21078746698906592,4118.592438168245,2,0,Standard/Low Priority
CUST-00451,0.18046671028835173,4375.276661836771,0,0,Standard/Low Priority
CUST-00452,0.17222833906293558,6613.558523075862,0,0,Standard/Low Priority
CUST-00453,0.19835268854954358,4951.3654011380195,0,0,Standard/Low Priority
CUST-00454,0.178051898153879,5117.925552058066,2,0,Standard/Low Priority
CUST-00455,0.13043114199992814,6855.505370093566,0,0,Standard/Low Priority
CUST-00456,0.13891770562965142,5419.1524814375,1,1,Standard/Low Priority
CUST-00457,0.14074215725543848,4534.442381915056,2,1,Standard/Low Priority
CUST-00458,0.205690625266326,5440.5532454981085,0,0,Standard/Low Priority
CUST-00459,0.11711845479824384,4498.664033080362,1,0,Standard/Low Priority
CUST-00460,0.1700154110383238,6527.163525985221,0,0,Standard/Low Priority
CUST-00461,0.23334955971009175,3425.4950023704364,1,1,Standard/Low Priority
CUST-00462,0.18250737299040462,3872.87532915802,2,0,Standard/Low Priority
CUST-00463,0.17884998118522305,5284.668888051004,0,0,Standard/Low Priority
CUST-00464,0.1247076254891797,5150.428014272376,1,0,Standard/Low Priority
CUST-00465,0.21689007419173487,5490.4699614623905,1,0,Standard/Low Priority
CUST-00466,0.2125157674553812,6211.433625384806,0,0,Standard/Low Priority
CUST-00467,0.26022766027088107,4117.310557926018,2,0,Standard/Low Priority
CUST-00468,0.15346761575869303,3101.438094592042,2,0,Standard/Low Priority
CUST-00469,0.13033845503327013,6564.639106885269,0,0,Standard/Low Priority
CUST-00470,0.14514765053694023,4950.197224534143,2,0,Standard/Low Priority
CUST-00471,0.15642986946037052,7127.628251783905,0,0,Standard/Low Priority
CUST-00472,0.16304741493380953,6952.8904265909005,0,0,Standard/Low Priority
CUST-00473,0.18371117677046186,6675.94714716826,0,0,Standard/Low Priority
CUST-00474,0.21095201405949343,4835.9905748156125,0,0,Standard/Low Priority
CUST-00475,0.20574444355717403,5594.320758760994,0,0,Standard/Low Priority
CUST-00476,0.24261517999744922,4804.866462894791,2,0,Standard/Low Priority
CUST-00477,0.19293622662425122,6526.586834492029,0,0,Standard/Low Priority
CUST-00478,0.1885061163499014,5349.155755406566,1,0,Standard/Low Priority
CUST-00479,0.19991836399091653,3899.340582324856,2,0,Standard/Low Priority
CUST-00480,0.12757729826253933,6570.067413510306,0,0,Standard/Low Priority
CUST-00481,0.1827906556186922,5100.155993974901,2,0,Standard/Low Priority
CUST-00482,0.17519579332202256,4997.641146854639,0,0,Standard/Low Priority
CUST-00483,0.18681288570895682,4738.371225885795,0,0,Standard/Low Priority
CUST-00484,0.14446967449462655,4213.168948888372,1,0,Standard/Low Priority
CUST-00485,0.17132267789221975,4979.996163348197,2,0,Standard/Low Priority
CUST-00486,0.19215918460953368,7062.615291073983,0,0,Standard/Low Priority
CUST-00487,0.254286118968258,4164.886293237945,0,1,Standard/Low Priority
CUST-00488,0.12479355797963253,6355.512453881568,1,0,Standard/Low Priority
CUST-00489,0.28351760327527953,5720.4720515964,0,0,Standard/Low Priority
CUST-00490,0.20329899444626257,4346.883091882326,2,0,Standard/Low Priority
CUST-00491,0.12028603644397964,6748.929970472516,0,0,Standard/Low Priority
CUST-00492,0.1392619206543111,5064.768772603501,2,0,Standard/Low Priority
CUST-00493,0.18391761598438502,3261.98540796114,2,0,Standard/Low Priority
CUST-00494,0.18044640780980156,4371.776477796933,2,0,Standard/Low Priority
CUST-00495,0.19353981915960478,5226.552023779514,0,0,Standard/Low Priority
CUST-00496,0.2178639317614224,5069.989433138652,2,0,Standard/Low Priority
CUST-00497,0.15947292036186766,4247.983468194906,2,0,Standard/Low Priority
CUST-00498,0.16143721481589757,7531.292045885681,0,0,Standard/Low Priority
CUST-00499,0.16221309208046583,4129.59878594322,2,0,Standard/Low Priority
CUST-00500,0.10729963387003169,4263.842743669324,2,1,Standard/Low Priority
CUST-00501,0.2105530094118042,5639.0537227646255,0,0,Standard/Low Priority
CUST-00502,0.13514334030907343,6032.971628367786,1,0,Standard/Low Priority
CUST-00503,0.20070054394278514,3159.2226974433065,2,1,Standard/Low Priority
CUST-00504,0.1477251156636783,6008.7206933878015,0,0,Standard/Low Priority
CUST-00505,0.19683808476223888,4130.158517409928,2,0,Standard/Low Priority
CUST-00506,0.11433896111681198,3850.5590651477,2,0,Standard/Low Priority
CUST-00507,0.13344641074029626,5617.358163126782,2,0,Standard/Low Priority
CUST-00508,0.147974241020906,5407.576673832444,2,0,Standard/Low Priority
CUST-00509,0.1441277313102369,5467.823181680509,2,0,Standard/Low Priority
CUST-00510,0.19245946862420446,5522.339080422874,0,0,Standard/Low Priority
CUST-00511,0.192218411561863,5659.145638050968,0,0,Standard/Low Priority
CUST-00512,0.13974404133162868,3794.5975408523345,2,0,Standard/Low Priority
CUST-00513,0.1336409103710634,5661.895553750574,1,0,Standard/Low Priority
CUST-00514,0.13129602742078508,4917.073050781504,2,0,Standard/Low Priority
CUST-00515,0.18171059506771525,2945.77068942572,2,0,Standard/Low Priority
CUST-00516,0.19239135643046595,4062.6005133568874,2,0,Standard/Low Priority
CUST-00517,0.11486372725230344,3685.456229928904,2,0,Standard/Low Priority
CUST-00518,0.13916185679593396,7725.539619844796,0,0,Standard/Low Priority
CUST-00519,0.16818361137364302,3263.8651591512476,2,0,Standard/Low Priority
CUST-00520,0.1842058289106359,5133.221597117265,0,0,Standard/Low Priority
CUST-00521,0.13651087088807215,5003.814153366018,2,0,Standard/Low Priority
CUST-00522,0.21064274662098556,6834.174760521528,0,0,Standard/Low Priority
CUST-00523,0.19099604844528772,5776.323839211736,0,0,Standard/Low Priority
CUST-00524,0.2236226072096002,5689.5572825671425,0,0,Standard/Low Priority
CUST-00525,0.24621171648855977,5186.681766743932,2,0,Standard/Low Priority
CUST-00526,0.197294349425829,5910.092239489273,0,0,Standard/Low Priority
CUST-00527,0.14558451561013638,5552.212856470803,2,0,Standard/Low Priority
CUST-00528,0.15547811790704458,6662.156335203176,0,0,Standard/Low Priority
CUST-00529,0.12552079023511872,5405.135463734623,0,0,Standard/Low Priority
CUST-00530,0.13561604964523735,5012.625350328738,2,0,Standard/Low Priority
CUST-00531,0.26215284442414777,4142.943993761238,1,1,Standard/Low Priority
CUST-00532,0.17681255950098607,4849.815707235612,0,0,Standard/Low Priority
CUST-00533,0.2011030326626096,5765.367830245485,0,0,Standard/Low Priority
CUST-00534,0.17989304244582852,4867.089795116299,1,0,Standard/Low Priority
CUST-00535,0.10692379659203319,5382.580060769244,2,0,Standard/Low Priority
CUST-00536,0.24475037478715245,6065.906876978027,1,0,Standard/Low Priority
CUST-00537,0.15059893581582579,4198.435753680401,2,0,Standard/Low Priority
CUST-00538,0.16382953146331264,4094.232782742426,2,0,Standard/Low Priority
CUST-00539,0.1933645095127907,3235.690087190633,2,0,Standard/Low Priority
CUST-00540,0.21079734757448113,3636.973982572926,2,0,Standard/Low Priority
CUST-00541,0.2617710125746246,5839.630170013431,1,0,Standard/Low Priority
CUST-00542,0.11087257075695352,6775.441679861322,0,0,Standard/Low Priority
CUST-00543,0.1338461186722662,7983.880714019282,0,0,Standard/Low Priority
CUST-00544,0.18270007347862502,5156.108817910035,0,0,Standard/Low Priority
CUST-00545,0.1136590720293581,5738.446691960729,0,0,Standard/Low Priority
CUST-00546,0.15916462968816214,5878.158100881914,1,0,Standard/Low Priority
CUST-00547,0.25281678230723675,5277.334307819156,1,0,Standard/Low Priority
CUST-00548,0.17973159123060006,7395.979830865164,0,0,Standard/Low Priority
CUST-00549,0.2056986527791432,5281.868763776629,0,0,Standard/Low Priority
CUST-00550,0.190202916142703,5460.8379376024595,0,0,Standard/Low Priority
CUST-00551,0.14093175725428353,6521.151153290886,0,0,Standard/Low Priority
CUST-00552,0.20000040212648088,4867.372063267687,0,0,Standard/Low Priority
CUST-00553,0.24447888255070788,5523.52517917774,0,0,Standard/Low Priority
CUST-00554,0.12347515039052336,6461.635749858072,1,1,Standard/Low Priority
CUST-00555,0.2001377296026385,7189.578424163198,0,0,Standard/Low Priority
CUST-00556,0.116539802670846,4660.0941391191,2,0,Standard/Low Priority
CUST-00557,0.2692350586105023,4709.094832218354,2,0,Standard/Low Priority
CUST-00558,0.23386421574221525,4327.91885672644,1,0,Standard/Low Priority
CUST-00559,0.20884366458324297,4210.157992501883,2,0,Standard/Low Priority
CUST-00560,0.22169765286955218,3751.443821452745,2,0,Standard/Low Priority
CUST-00561,0.23746124145800604,4119.6020481533105,2,0,Standard/Low Priority
CUST-00562,0.13395928261982687,7177.214797760287,0,0,Standard/Low Priority
CUST-00563,0.13622158933028566,7748.630747995347,0,0,Standard/Low Priority
CUST-00564,0.12554226863592993,5069.487759813994,2,0,Standard/Low Priority
CUST-00565,0.2240746718927538,4353.276162951756,1,0,Standard/Low Priority
CUST-00566,0.15256874584370247,7840.446059685376,0,0,Standard/Low Priority
CUST-00567,0.2437149893247718,5558.086200342267,0,0,Standard/Low Priority
CUST-00568,0.14076525350466423,10397.85102631313,0,0,Standard/Low Priority
CUST-00569,0.13089128426519805,6380.678956849983,1,0,Standard/Low Priority
CUST-00570,0.18288030756744011,8111.814021748882,1,1,Standard/Low Priority
CUST-00571,0.21066404697483526,7202.604287958809,0,0,Standard/Low Priority
CUST-00572,0.1181299113656691,2979.0408475132463,2,0,Standard/Low Priority
CUST-00573,0.15918352711208605,7068.396010432487,0,0,Standard/Low Priority
CUST-00574,0.2451911845415892,6231.435002751874,0,0,Standard/Low Priority
CUST-00575,0.17604069485389964,3289.8189246091047,2,0,Standard/Low Priority
CUST-00576,0.19146722714425288,5574.390171984586,0,0,Standard/Low Priority
CUST-00577,0.21294099848867737,5308.043298676816,0,0,Standard/Low Priority
CUST-00578,0.1252691395398996,6501.374191717887,1,0,Standard/Low Priority
CUST-00579,0.1746726637219119,6811.35073174047,0,0,Standard/Low Priority
CUST-00580,0.16590231042432774,5035.926072795883,2,0,Standard/Low Priority
CUST-00581,0.27383545963238726,2386.8840723782027,2,0,Standard/Low Priority
CUST-00582,0.17535863322062514,6201.369956646965,0,0,Standard/Low Priority
CUST-00583,0.21514913013066753,6594.398161868419,0,0,Standard/Low Priority
CUST-00584,0.19510355978982458,3749.4698140907217,2,0,Standard/Low Priority
CUST-00585,0.24771649157261486,4833.648463859017,2,0,Standard/Low Priority
CUST-00586,0.1829223344501753,5163.898739837375,1,0,Standard/Low Priority
CUST-00587,0.17547680606671906,4117.840512231252,1,0,Standard/Low Priority
CUST-00588,0.17508611325493018,4451.107285370145,2,0,Standard/Low Priority
CUST-00589,0.20190609976659973,5841.478336287544,0,0,Standard/Low Priority
CUST-00590,0.1737939859696843,5723.8952609026455,0,0,Standard/Low Priority
CUST-00591,0.18631133446313078,6606.903820445589,0,0,Standard/Low Priority
CUST-00592,0.2135960862408344,3675.432782915069,2,1,Standard/Low Priority
CUST-00593,0.21965827533160703,3290.215287506084,2,0,Standard/Low Priority
CUST-00594,0.1675028560411877,4379.95666043391,2,0,Standard/Low Priority
CUST-00595,0.12092031187128535,5485.998990757292,0,0,Standard/Low Priority
CUST-00596,0.13417876688352892,6017.114745278012,0,0,Standard/Low Priority
CUST-00597,0.19887546148218507,4255.356487528703,2,0,Standard/Low Priority
CUST-00598,0.282277140170252,3867.957952619298,2,0,Standard/Low Priority
CUST-00599,0.1695097247662055,4105.66166239174,2,0,Standard/Low Priority
CUST-00600,0.20160845036837963,4922.118787742859,2,0,Standard/Low Priority
CUST-00601,0.1670904818119801,7071.628718549197,0,0,Standard/Low Priority
CUST-00602,0.12999642358754498,7558.279895229911,1,0,Standard/Low Priority
CUST-00603,0.1932656650159943,4558.3233484426755,1,0,Standard/Low Priority
CUST-00604,0.1887225127553291,6297.906487253848,0,0,Standard/Low Priority
CUST-00605,0.18470759808643727,4466.139373780202,2,0,Standard/Low Priority
CUST-00606,0.20176952166769793,5895.97978377907,0,0,Standard/Low Priority
CUST-00607,0.1252842963458195,4044.3786494543538,2,0,Standard/Low Priority
CUST-00608,0.21098147057316968,5191.7867618816845,0,0,Standard/Low Priority
CUST-00609,0.20118183742740306,7852.286443940111,0,1,Standard/Low Priority
CUST-00610,0.19642222323197417,3609.303382081083,1,0,Standard/Low Priority
CUST-00611,0.19956298702098527,6571.270183609466,0,0,Standard/Low Priority
CUST-00612,0.23206037297497698,3342.99227680855,2,0,Standard/Low Priority
CUST-00613,0.2230497005358631,5666.843160458579,0,0,Standard/Low Priority
CUST-00614,0.16389807300801462,3911.8058586162465,2,0,Standard/Low Priority
CUST-00615,0.2261845798551078,5615.2296850129205,0,0,Standard/Low Priority
CUST-00616,0.12086411073420271,7435.476455879892,0,0,Standard/Low Priority
CUST-00617,0.1817587118455419,5521.92285162406,0,0,Standard/Low Priority
CUST-00618,0.19916714102568223,4750.074072061722,2,0,Standard/Low Priority
CUST-00619,0.1237089568149683,9000.85553832667,0,1,Standard/Low Priority
CUST-00620,0.1706896927332878,4897.723048169344,2,0,Standard/Low Priority
CUST-00621,0.15522653402333364,5632.79527812957,1,0,Standard/Low Priority
CUST-00622,0.12035161689911368,6288.047342560323,0,0,Standard/Low Priority
CUST-00623,0.17037161775360538,6707.925230777566,0,0,Standard/Low Priority
CUST-00624,0.20686806148053502,4240.595245904409,1,0,Standard/Low Priority
CUST-00625,0.1620321768794711,5776.280114896001,2,0,Standard/Low Priority
CUST-00626,0.20556001067130694,4810.1602881417,2,0,Standard/Low Priority
CUST-00627,0.16963040676621988,3620.907600807071,2,0,Standard/Low Priority
CUST-00628,0.14751261078571618,7410.884595694805,0,0,Standard/Low Priority
CUST-00629,0.21776505758655135,4059.7301696354625,1,0,Standard/Low Priority
CUST-00630,0.1737527263868598,5699.284051262581,2,0,Standard/Low Priority
CUST-00631,0.11995997446628762,8015.363555414698,0,0,Standard/Low Priority
CUST-00632,0.14969479367546604,9441.944127280613,0,1,Standard/Low Priority
CUST-00633,0.13530976724160476,6750.218496932255,0,0,Standard/Low Priority
CUST-00634,0.1613747085781344,5302.486959997343,1,0,Standard/Low Priority
CUST-00635,0.1881056337020919,6594.1606503782095,0,0,Standard/Low Priority
CUST-00636,0.15187062140674729,6169.169634743848,0,0,Standard/Low Priority
CUST-00637,0.12908211931456462,4575.537296172325,2,0,Standard/Low Priority
CUST-00638,0.12799298293894018,4619.13308277981,2,0,Standard/Low Priority
CUST-00639,0.13331356948619397,5000.4928005181655,2,0,Standard/Low Priority
CUST-00640,0.14075097840394155,5107.268832737754,1,0,Standard/Low Priority
CUST-00641,0.2118981704826981,3927.904797582383,2,0,Standard/Low Priority
CUST-00642,0.12244662865151616,4825.429155445333,2,0,Standard/Low Priority
CUST-00643,0.19237178660421086,3904.478127686442,2,0,Standard/Low Priority
CUST-00644,0.1863804628297183,3385.149153254438,2,0,Standard/Low Priority
CUST-00645,0.18853120576099833,5854.950616156603,0,0,Standard/Low Priority
CUST-00646,0.12434837386826285,5354.4547435501,2,0,Standard/Low Priority
CUST-00647,0.12404773988503079,5526.842205046646,0,0,Standard/Low Priority
CUST-00648,0.17405716256853532,3962.2252088593546,2,0,Standard/Low Priority
CUST-00649,0.20365570783707695,4277.772675340094,2,0,Standard/Low Priority
CUST-00650,0.17958223135957002,3955.9489806103325,2,0,Standard/Low Priority
CUST-00651,0.1771001072921994,4162.942791569945,2,0,Standard/Low Priority
CUST-00652,0.19346133550956934,3854.050473642139,2,0,Standard/Low Priority
CUST-00653,0.11780178253899494,5595.1119206431395,0,0,Standard/Low Priority
CUST-00654,0.17325245942332748,4864.150027940127,1,0,Standard/Low Priority
CUST-00655,0.21006014162562295,5579.835298155115,0,0,Standard/Low Priority
CUST-00656,0.17929536277052438,2230.15698157384,2,0,Standard/Low Priority
CUST-00657,0.2313723225480005,4969.070153992116,1,0,Standard/Low Priority
CUST-00658,0.12238426601777794,5438.171020640309,2,0,Standard/Low Priority
CUST-00659,0.19671899881067106,4880.097077659414,0,0,Standard/Low Priority
CUST-00660,0.1684129801333515,5302.601352650014,0,0,Standard/Low Priority
CUST-00661,0.18851830425709168,4355.9040521060215,1,0,Standard/Low Priority
CUST-00662,0.19406158876551502,4943.409677460826,2,0,Standard/Low Priority
CUST-00663,0.14119612851683225,8312.80424793786,0,0,Standard/Low Priority
CUST-00664,0.14197058269957044,8262.81303555431,0,0,Standard/Low Priority
CUST-00665,0.12209722922584813,4974.251256172373,2,0,Standard/Low Priority
CUST-00666,0.13286832844501498,4798.213260357607,2,0,Standard/Low Priority
CUST-00667,0.21251154017046034,5139.676643032548,1,0,Standard/Low Priority
CUST-00668,0.22577569393688457,5382.814274975365,1,0,Standard/Low Priority
CUST-00669,0.20779366342008795,4854.77224877986,2,0,Standard/Low Priority
CUST-00670,0.23321915570436894,3448.3069416248454,2,0,Standard/Low Priority
CUST-00671,0.20814152451629467,5310.3541382609465,1,0,Standard/Low Priority
CUST-00672,0.22942885052035386,3352.2314959611645,1,0,Standard/Low Priority
CUST-00673,0.1947718845623509,4428.8702524385735,2,0,Standard/Low Priority
CUST-00674,0.1885554403651333,5242.623452631679,0,0,Standard/Low Priority
CUST-00675,0.12825073193040926,5364.00971409557,2,0,Standard/Low Priority
CUST-00676,0.19516041949325177,7062.615291073983,0,0,Standard/Low Priority
CUST-00677,0.1720159302728632,4586.905489735494,2,0,Standard/Low Priority
CUST-00678,0.27105863065582886,5923.46920844837,0,0,Standard/Low Priority
CUST-00679,0.14401079447897,8282.889046460656,1,0,Standard/Low Priority
CUST-00680,0.1749952346301018,5386.864500366367,2,0,Standard/Low Priority
CUST-00681,0.1426394367352025,8056.228972314997,0,0,Standard/Low Priority
CUST-00682,0.20662446164364623,5418.217553817873,0,0,Standard/Low Priority
CUST-00683,0.20556126878478584,3026.6654588403544,2,0,Standard/Low Priority
CUST-00684,0.16634925428419028,6825.130674577043,0,0,Standard/Low Priority
CUST-00685,0.18712784508635616,5640.015944635034,0,0,Standard/Low Priority
CUST-00686,0.24187373959190367,4278.454867917188,2,0,Standard/Low Priority
CUST-00687,0.20779716089689862,3204.50985129358,2,0,Standard/Low Priority
CUST-00688,0.24607020720467454,5358.641683406242,0,0,Standard/Low Priority
CUST-00689,0.16233421101135576,3687.931804607296,2,1,Standard/Low Priority
CUST-00690,0.1844101782256915,4460.622279314228,1,0,Standard/Low Priority
CUST-00691,0.17660584202126622,4936.452677328335,2,0,Standard/Low Priority
CUST-00692,0.1497462982313116,6309.547728063557,0,0,Standard/Low Priority
CUST-00693,0.1821276287655713,3913.198620297538,2,0,Standard/Low Priority
CUST-00694,0.20251361806594126,5739.860463151467,1,0,Standard/Low Priority
CUST-00695,0.12900021978883555,5759.900799035451,2,0,Standard/Low Priority
CUST-00696,0.19513012458015083,3377.228030678685,2,0,Standard/Low Priority
CUST-00697,0.12187457792592479,4443.53088290096,2,0,Standard/Low Priority
CUST-00698,0.16980007790057056,5711.372955868607,0,0,Standard/Low Priority
CUST-00699,0.1485581585143546,4895.263289134391,1,0,Standard/Low Priority
CUST-00700,0.14011669183805625,7229.405049579302,0,0,Standard/Low Priority
CUST-00701,0.2776705423658915,2439.6739859910417,2,1,Standard/Low Priority
CUST-00702,0.11959715885708842,5587.753223305375,2,0,Standard/Low Priority
CUST-00703,0.1529737953123406,6107.341902326972,0,0,Standard/Low Priority
CUST-00704,0.130981757317186,5282.140179417807,1,0,Standard/Low Priority
CUST-00705,0.20576848495393382,2949.454202675632,2,0,Standard/Low Priority
CUST-00706,0.2051811503702649,5511.894800727237,1,0,Standard/Low Priority
CUST-00707,0.18744148457027898,4666.573255513578,2,0,Standard/Low Priority
CUST-00708,0.14063704718935194,7514.181413677142,1,0,Standard/Low Priority
CUST-00709,0.2670665902170756,5796.176636534117,1,1,Standard/Low Priority
CUST-00710,0.198908207749482,4060.7378039116925,2,0,Standard/Low Priority
CUST-00711,0.13389491005188162,7369.9629710881745,0,0,Standard/Low Priority
CUST-00712,0.251745734599096,3912.7172197689365,2,0,Standard/Low Priority
CUST-00713,0.12477352226852177,5252.785371419197,1,0,Standard/Low Priority
CUST-00714,0.16359606393129852,2750.082570159732,2,0,Standard/Low Priority
CUST-00715,0.1542477423395202,4725.509752430723,2,0,Standard/Low Priority
CUST-00716,0.18402225667834105,4711.477629786234,2,0,Standard/Low Priority
CUST-00717,0.20648598018440228,3919.4605552756348,2,0,Standard/Low Priority
CUST-00718,0.2096891518325117,5961.897527540736,0,0,Standard/Low Priority
CUST-00719,0.1962443729120202,4874.174553109117,1,0,Standard/Low Priority
CUST-00720,0.20172393460430665,3700.2677650640494,2,0,Standard/Low Priority
CUST-00721,0.24569864874865896,4517.230162023006,0,0,Standard/Low Priority
CUST-00722,0.12398804202017302,5700.58772924468,2,0,Standard/Low Priority
CUST-00723,0.28807965498814325,6443.818549848127,0,0,Standard/Low Priority
CUST-00724,0.2668045304423741,4619.711895600395,1,1,Standard/Low Priority
CUST-00725,0.21988074767429328,4559.70985453027,0,0,Standard/Low Priority
CUST-00726,0.20446141237949889,4762.976945797841,1,0,Standard/Low Priority
CUST-00727,0.11972942581479254,6884.437031859385,0,0,Standard/Low Priority
CUST-00728,0.20524914310963321,3913.21547079406,2,0,Standard/Low Priority
CUST-00729,0.12903349569502484,4049.5749388276827,2,0,Standard/Low Priority
CUST-00730,0.13271429009298816,7632.509322142365,0,0,Standard/Low Priority
CUST-00731,0.10989537153563589,5053.650500017207,2,0,Standard/Low Priority
CUST-00732,0.12832364322842424,5099.3683590261035,1,0,Standard/Low Priority
CUST-00733,0.1651005811243897,5186.024627296587,0,0,Standard/Low Priority
CUST-00734,0.11325083316497882,6154.39362722542,2,0,Standard/Low Priority
CUST-00735,0.12296912428945761,3426.545546956326,1,1,Standard/Low Priority
CUST-00736,0.1481261329677154,4268.045364175988,2,0,Standard/Low Priority
CUST-00737,0.20353753326754184,4594.856923760908,1,0,Standard/Low Priority
CUST-00738,0.20066402715849685,6151.234128411597,0,0,Standard/Low Priority
CUST-00739,0.11602997304386915,4728.958098567734,2,0,Standard/Low Priority
CUST-00740,0.19647710798882742,5624.912639234901,0,0,Standard/Low Priority
CUST-00741,0.139547705112674,5473.826137305009,0,0,Standard/Low Priority
CUST-00742,0.18032527354192682,4724.7659767572595,2,0,Standard/Low Priority
CUST-00743,0.24514054754265532,5735.01535970824,0,0,Standard/Low Priority
CUST-00744,0.20780840636177608,5074.1533670230565,1,0,Standard/Low Priority
CUST-00745,0.19480058268430844,5391.97123927437,1,0,Standard/Low Priority
CUST-00746,0.215229169561855,3353.2570025053665,2,0,Standard/Low Priority
CUST-00747,0.12562222195822348,5539.207725929733,2,0,Standard/Low Priority
CUST-00748,0.12983231907048295,6731.318213224643,0,0,Standard/Low Priority
CUST-00749,0.13984288625242638,2963.244629419538,2,0,Standard/Low Priority
CUST-00750,0.11936720203608239,4597.708428056004,2,0,Standard/Low Priority
CUST-00751,0.14368563336262827,3667.0630165272114,2,0,Standard/Low Priority
CUST-00752,0.1720372664771456,5735.810564288678,0,0,Standard/Low Priority
CUST-00753,0.14164237270615498,7400.098998477175,0,0,Standard/Low Priority
CUST-00754,0.14666830022781766,9072.991456165886,0,0,Standard/Low Priority
CUST-00755,0.13029512483238684,6442.599620349819,0,0,Standard/Low Priority
CUST-00756,0.18251534013067286,4548.835169263703,2,0,Standard/Low Priority
CUST-00757,0.12350439817952832,4973.552916031831,2,0,Standard/Low Priority
CUST-00758,0.19108100687365026,4963.449067806808,0,0,Standard/Low Priority
CUST-00759,0.1972522783679777,5615.120132885897,0,0,Standard/Low Priority
CUST-00760,0.13914343834209608,4726.724739957711,2,0,Standard/Low Priority
CUST-00761,0.14559487494853562,8068.108425877418,0,0,Standard/Low Priority
CUST-00762,0.18365288943159122,5468.292478670009,0,0,Standard/Low Priority
CUST-00763,0.20119459334462608,4791.571781285396,0,0,Standard/Low Priority
CUST-00764,0.1357537759860046,5803.390202683813,2,0,Standard/Low Priority
CUST-00765,0.2762905014212884,4235.188438048264,2,0,Standard/Low Priority
CUST-00766,0.19474087114230962,4354.0613635869295,2,0,Standard/Low Priority
CUST-00767,0.13826427797795676,3889.972500401534,2,0,Standard/Low Priority
CUST-00768,0.12253746283562371,6062.4961970378745,1,0,Standard/Low Priority
CUST-00769,0.2147967580433371,4031.1150245656413,2,0,Standard/Low Priority
CUST-00770,0.20462173310451826,6108.817608880975,1,1,Standard/Low Priority
CUST-00771,0.18790355681891305,4235.99027251346,2,0,Standard/Low Priority
CUST-00772,0.2060021220827526,5475.91907775104,1,0,Standard/Low Priority
CUST-00773,0.12688042060416324,6116.247209913238,1,0,Standard/Low Priority
CUST-00774,0.11419473885414781,3688.864454801744,2,0,Standard/Low Priority
CUST-00775,0.23515033782385433,3292.72881264489,2,0,Standard/Low Priority
CUST-00776,0.18796453707883246,3889.5623644598822,2,0,Standard/Low Priority
CUST-00777,0.19073362486184733,4565.863854860196,2,0,Standard/Low Priority
CUST-00778,0.18619709185627709,3996.2589887882473,2,0,Standard/Low Priority
CUST-00779,0.24289136876593356,3824.3209052992042,2,0,Standard/Low Priority
CUST-00780,0.1748023088987024,5336.236458549539,1,0,Standard/Low Priority
CUST-00781,0.1301361195167262,4403.487942483286,1,0,Standard/Low Priority
CUST-00782,0.16128823705582632,3265.6251288886688,2,0,Standard/Low Priority
CUST-00783,0.13179040184442484,6342.710513491276,0,0,Standard/Low Priority
CUST-00784,0.18402233000255677,3775.81002728143,2,0,Standard/Low Priority
CUST-00785,0.15344683494986278,6213.242946301008,1,0,Standard/Low Priority
CUST-00786,0.16803807515929392,7272.432711902161,1,0,Standard/Low Priority
CUST-00787,0.19105311915311762,4250.93121125078,2,0,Standard/Low Priority
CUST-00788,0.19299505405922568,5685.70359047184,0,0,Standard/Low Priority
CUST-00789,0.14234142882853498,5856.550890218042,0,0,Standard/Low Priority
CUST-00790,0.19759780177672157,5177.451541119242,0,0,Standard/Low Priority
CUST-00791,0.21607650403807802,3658.084732014755,1,0,Standard/Low Priority
CUST-00792,0.18167143688526433,4901.545718511751,2,0,Standard/Low Priority
CUST-00793,0.15538810423369379,5159.831014542596,1,0,Standard/Low Priority
CUST-00794,0.20237644681605943,5857.655503796679,0,0,Standard/Low Priority
CUST-00795,0.20545443558118903,4421.52391016075,0,0,Standard/Low Priority
CUST-00796,0.18681717311793095,4684.348834526117,2,0,Standard/Low Priority
CUST-00797,0.1252189544072271,5535.452045389434,2,0,Standard/Low Priority
CUST-00798,0.18385975591295683,3657.5778782756875,2,0,Standard/Low Priority
CUST-00799,0.1341776334002135,8316.7853853766,0,0,Standard/Low Priority
CUST-00800,0.15235207957988725,6610.723087800875,1,0,Standard/Low Priority
CUST-00801,0.17117967703597792,3600.8719227093893,2,0,Standard/Low Priority
CUST-00802,0.19292022974731377,3445.4062502479,2,0,Standard/Low Priority
CUST-00803,0.1423345773752234,8415.18422598624,0,1,Standard/Low Priority
CUST-00804,0.1637734766097832,4485.57159663761,2,0,Standard/Low Priority
CUST-00805,0.23059635170436743,5969.189723461893,0,0,Standard/Low Priority
CUST-00806,0.20118945167495275,5337.362281768238,0,0,Standard/Low Priority
CUST-00807,0.20724704148488368,4664.4375636564255,0,0,Standard/Low Priority
CUST-00808,0.17314130865069324,6058.953313912579,1,0,Standard/Low Priority
CUST-00809,0.2511129901383453,4628.128096155782,2,0,Standard/Low Priority
CUST-00810,0.22478311607010057,6633.173996863475,0,0,Standard/Low Priority
CUST-00811,0.24212308460873846,5205.538829355902,2,0,Standard/Low Priority
CUST-00812,0.12806131607679977,6120.665142545743,2,0,Standard/Low Priority
CUST-00813,0.15493482071015255,5475.280690475134,2,0,Standard/Low Priority
CUST-00814,0.16671639066474364,7255.599576860042,0,0,Standard/Low Priority
CUST-00815,0.12974556452911482,5688.348245795206,0,0,Standard/Low Priority
CUST-00816,0.1280553466683422,6513.605800756596,1,0,Standard/Low Priority
CUST-00817,0.2399652523637908,3349.099206957236,2,0,Standard/Low Priority
CUST-00818,0.15229536693730134,7185.10978019819,0,0,Standard/Low Priority
CUST-00819,0.21208694558828586,3132.1173976920645,2,0,Standard/Low Priority
CUST-00820,0.1595701122436947,3039.862252184774,2,0,Standard/Low Priority
CUST-00821,0.17916397076455368,7457.066617128467,0,1,Standard/Low Priority
CUST-00822,0.17802115178905065,7314.788145994562,0,1,Standard/Low Priority
CUST-00823,0.1940813101346871,5744.52138386214,0,0,Standard/Low Priority
CUST-00824,0.18622265667406573,7012.978427179029,0,0,Standard/Low Priority
CUST-00825,0.18964240518554498,5345.043617181212,0,0,Standard/Low Priority
CUST-00826,0.16832700252826294,4442.186530803298,2,0,Standard/Low Priority
CUST-00827,0.2203846278518518,4552.858724319126,1,0,Standard/Low Priority
CUST-00828,0.16871548329608477,5381.195587639489,1,0,Standard/Low Priority
CUST-00829,0.12200496240867151,6722.823725550845,0,0,Standard/Low Priority
CUST-00830,0.2043916327353574,5338.474876431603,0,0,Standard/Low Priority
CUST-00831,0.23297938324910256,3680.3892918641995,2,0,Standard/Low Priority
CUST-00832,0.17174425912262214,6155.35790602933,1,0,Standard/Low Priority
CUST-00833,0.16298994310032544,3870.535990380553,2,0,Standard/Low Priority
CUST-00834,0.22128838338250403,2973.487998533045,2,1,Standard/Low Priority
CUST-00835,0.2010768436132984,6297.906487253848,1,0,Standard/Low Priority
CUST-00836,0.18834369067281442,4143.905616844142,1,0,Standard/Low Priority
CUST-00837,0.21114332284891138,4725.7155806254805,1,0,Standard/Low Priority
CUST-00838,0.12918495365985805,5468.198770372672,1,0,Standard/Low Priority
CUST-00839,0.13303912208966268,5544.39797632141,2,0,Standard/Low Priority
CUST-00840,0.16842468358033433,3409.553543259138,2,0,Standard/Low Priority
CUST-00841,0.2227232561266364,4862.957607224501,2,0,Standard/Low Priority
CUST-00842,0.24462028191094068,4058.7230923507573,2,1,Standard/Low Priority
CUST-00843,0.12358396414698722,7265.043198546831,1,0,Standard/Low Priority
CUST-00844,0.2287178816307476,5841.946418582944,0,0,Standard/Low Priority
CUST-00845,0.1995124273011982,3653.4417047057536,2,0,Standard/Low Priority
CUST-00846,0.11965536348926192,5132.821116275688,2,1,Standard/Low Priority
CUST-00847,0.12985069926413273,4894.145565679093,2,0,Standard/Low Priority
CUST-00848,0.23437744092700563,4998.965818790938,1,0,Standard/Low Priority
CUST-00849,0.20392256133498232,3454.3963601941728,2,0,Standard/Low Priority
CUST-00850,0.1966190479788779,5600.0778630290315,1,0,Standard/Low Priority
CUST-00851,0.11766506862318382,4661.535454241329,2,0,Standard/Low Priority
CUST-00852,0.18650502542419617,4848.770384822381,1,0,Standard/Low Priority
CUST-00853,0.1866271240228273,5626.252133290722,0,0,Standard/Low Priority
CUST-00854,0.11683747044398832,5085.72891579523,2,0,Standard/Low Priority
CUST-00855,0.1943394442745624,6356.484950963795,0,0,Standard/Low Priority
CUST-00856,0.19734329298268222,4829.512629593135,2,0,Standard/Low Priority
CUST-00857,0.14737354824252244,5893.334886689938,2,0,Standard/Low Priority
CUST-00858,0.2206755978965802,4730.735547795598,0,0,Standard/Low Priority
CUST-00859,0.13531971409820417,7578.245116965759,1,0,Standard/Low Priority
CUST-00860,0.14341794456589954,5310.372670837583,2,0,Standard/Low Priority
CUST-00861,0.16846159761647933,4974.465344525834,2,0,Standard/Low Priority
CUST-00862,0.12504874579173492,8556.362196448901,0,0,Standard/Low Priority
CUST-00863,0.14421782539826325,6493.1726202632635,1,0,Standard/Low Priority
CUST-00864,0.14550934500391707,7092.301097313341,0,0,Standard/Low Priority
CUST-00865,0.14101202927356765,8008.053125664995,0,0,Standard/Low Priority
CUST-00866,0.2164513796213698,4662.9876821718635,2,0,Standard/Low Priority
CUST-00867,0.2105973242011423,4790.389421930734,0,0,Standard/Low Priority
CUST-00868,0.19410908471880714,5816.506041657217,1,0,Standard/Low Priority
CUST-00869,0.21352855968893894,4819.686603173293,0,0,Standard/Low Priority
CUST-00870,0.17684375702139532,5026.959023824621,0,0,Standard/Low Priority
CUST-00871,0.19049094833114066,5268.181958270447,0,1,Standard/Low Priority
CUST-00872,0.20620037696455182,4789.6417974087435,1,0,Standard/Low Priority
CUST-00873,0.1111757581238162,4518.073416639486,1,1,Standard/Low Priority
CUST-00874,0.14739561059152698,5052.233838300469,2,0,Standard/Low Priority
CUST-00875,0.1649130376355002,8109.38384304146,0,0,Standard/Low Priority
CUST-00876,0.18027148008341792,3334.6511275644134,2,0,Standard/Low Priority
CUST-00877,0.17397662047346743,5021.353478288945,0,0,Standard/Low Priority
CUST-00878,0.11330995811344463,5825.944983009239,2,0,Standard/Low Priority
CUST-00879,0.21698011819301313,5693.156337998862,1,0,Standard/Low Priority
CUST-00880,0.1376698741913856,5256.535540503268,1,0,Standard/Low Priority
CUST-00881,0.14852546175528727,5425.035965521147,1,0,Standard/Low Priority
CUST-00882,0.22795456544401133,5526.97750357193,0,0,Standard/Low Priority
CUST-00883,0.2150967303419181,6038.014746257661,2,0,Standard/Low Priority
CUST-00884,0.1374402722403452,5189.251761868361,2,0,Standard/Low Priority
CUST-00885,0.19568550338059473,7147.704402195894,1,0,Standard/Low Priority
CUST-00886,0.13760273668173018,8749.822309382871,0,0,Standard/Low Priority
CUST-00887,0.12662517081123215,5032.151754770436,2,0,Standard/Low Priority
CUST-00888,0.2711997325057664,5330.693912067126,0,0,Standard/Low Priority
CUST-00889,0.11789026600307383,4944.488368136309,2,0,Standard/Low Priority
CUST-00890,0.17848611752642438,5524.728664774084,0,0,Standard/Low Priority
CUST-00891,0.19857222757831802,4909.667903408558,0,0,Standard/Low Priority
CUST-00892,0.1232369975138723,8141.580977472263,0,1,Standard/Low Priority
CUST-00893,0.1605209813723127,7496.625133876851,0,0,Standard/Low Priority
CUST-00894,0.14132081226300078,6581.3902445093845,0,0,Standard/Low Priority
CUST-00895,0.12748866183171728,4053.758292523689,1,0,Standard/Low Priority
CUST-00896,0.23738877931891994,5344.409485727967,0,0,Standard/Low Priority
CUST-00897,0.23443654537603803,3718.7931406590014,2,0,Standard/Low Priority
CUST-00898,0.22443673082929536,3722.713456336243,2,0,Standard/Low Priority
CUST-00899,0.18687871205685624,5480.594233638969,0,0,Standard/Low Priority
CUST-00900,0.1986051493439283,4813.846085800475,2,0,Standard/Low Priority
CUST-00901,0.1807254677685599,5486.493302936908,0,0,Standard/Low Priority
CUST-00902,0.23871958134784044,8379.072550520881,0,1,Standard/Low Priority
CUST-00903,0.17490595291182923,5003.912820620914,2,0,Standard/Low Priority
CUST-00904,0.1301338975648785,6663.006797978789,0,0,Standard/Low Priority
CUST-00905,0.13781982352489508,5089.0923397097185,1,0,Standard/Low Priority
CUST-00906,0.15002751370546746,6990.020963884781,0,0,Standard/Low Priority
CUST-00907,0.18055574686078826,7095.872112914759,0,0,Standard/Low Priority
CUST-00908,0.13241613097097496,7771.982223010229,0,0,Standard/Low Priority
CUST-00909,0.1339876255124555,6996.70876627957,0,0,Standard/Low Priority
CUST-00910,0.193312382996989,4645.528427572443,2,0,Standard/Low Priority
CUST-00911,0.19101815927756785,3670.4928500704623,2,0,Standard/Low Priority
CUST-00912,0.24765386853750704,5842.004466044444,0,0,Standard/Low Priority
CUST-00913,0.12727793309381513,5592.951321871342,0,0,Standard/Low Priority
CUST-00914,0.13956615896185381,5187.543262064263,2,1,Standard/Low Priority
CUST-00915,0.17650082772175935,3115.909234220045,1,1,Standard/Low Priority
CUST-00916,0.1420915374347725,4552.926419237785,2,0,Standard/Low Priority
CUST-00917,0.2006020727694949,2951.113888753536,2,0,Standard/Low Priority
CUST-00918,0.2299051266021738,4549.045898841918,0,0,Standard/Low Priority
CUST-00919,0.1531947502933424,4921.906691466249,2,0,Standard/Low Priority
CUST-00920,0.15851003560998747,8506.491541784028,0,0,Standard/Low Priority
CUST-00921,0.12073281440258667,6218.9538305269825,0,0,Standard/Low Priority
CUST-00922,0.20725664005468475,4407.673849177911,2,0,Standard/Low Priority
CUST-00923,0.20871514481561226,3241.429262270865,2,0,Standard/Low Priority
CUST-00924,0.174835423278488,4288.378242488804,2,0,Standard/Low Priority
CUST-00925,0.19982939729670704,3543.7733166236,2,0,Standard/Low Priority
CUST-00926,0.19500670906022186,6357.560034017537,0,0,Standard/Low Priority
CUST-00927,0.1186887442506473,7309.167018623883,1,0,Standard/Low Priority
CUST-00928,0.15710679243170877,6334.2585933743785,0,0,Standard/Low Priority
CUST-00929,0.18378256066386583,8076.893973521437,0,0,Standard/Low Priority
CUST-00930,0.1895853686866871,4263.227613987805,1,0,Standard/Low Priority
CUST-00931,0.2479302355356252,5748.864133319648,0,1,Standard/Low Priority
CUST-00932,0.19636371737264022,4853.014196569283,0,0,Standard/Low Priority
CUST-00933,0.12613419703312145,5568.749281872273,2,0,Standard/Low Priority
CUST-00934,0.22663540941651075,3860.6228574691936,2,0,Standard/Low Priority
CUST-00935,0.21970812802071835,8204.315425137478,1,0,Standard/Low Priority
CUST-00936,0.18709663595121356,4782.085182107577,1,0,Standard/Low Priority
CUST-00937,0.17094121385299688,3747.4949117358497,2,0,Standard/Low Priority
CUST-00938,0.15378914704109212,4447.830868794502,2,0,Standard/Low Priority
CUST-00939,0.17697985663337637,3026.917574496641,2,0,Standard/Low Priority
CUST-00940,0.19685936801617288,4762.351558697184,1,0,Standard/Low Priority
CUST-00941,0.12190511222103838,5007.848428123651,2,0,Standard/Low Priority
CUST-00942,0.24134602099421365,2428.869780040967,2,0,Standard/Low Priority
CUST-00943,0.16818725579234872,4171.805853317649,1,0,Standard/Low Priority
CUST-00944,0.1853318577311436,4457.3915129146935,1,0,Standard/Low Priority
CUST-00945,0.18429075798420083,6495.226677908081,0,0,Standard/Low Priority
CUST-00946,0.22161113851496608,5584.297328235392,0,0,Standard/Low Priority
CUST-00947,0.22134083425113185,5483.179280822735,2,0,Standard/Low Priority
CUST-00948,0.11487892972286173,5226.844413526755,1,0,Standard/Low Priority
CUST-00949,0.15071455624887714,6855.505370093566,0,0,Standard/Low Priority
CUST-00950,0.17807464733827771,6180.916306142743,0,0,Standard/Low Priority
CUST-00951,0.2100127935116433,5278.743453206797,2,0,Standard/Low Priority
CUST-00952,0.20275814876115952,3581.513667615422,2,0,Standard/Low Priority
CUST-00953,0.18391783052033922,4912.953766583135,0,0,Standard/Low Priority
CUST-00954,0.19864577273937456,5594.8491574010395,1,0,Standard/Low Priority
CUST-00955,0.1635133138637826,4312.09439759977,2,0,Standard/Low Priority
CUST-00956,0.16258174577544046,4940.103307195076,0,0,Standard/Low Priority
CUST-00957,0.1749731774081235,7224.824184926099,0,0,Standard/Low Priority
CUST-00958,0.15154521801762372,7064.134050502321,0,0,Standard/Low Priority
CUST-00959,0.15034129603173632,7202.140216490421,0,0,Standard/Low Priority
CUST-00960,0.18766401623323176,5086.493251925539,0,0,Standard/Low Priority
CUST-00961,0.21632287073630915,5657.855453126362,0,0,Standard/Low Priority
CUST-00962,0.12508483074141047,4051.4777935789516,2,0,Standard/Low Priority
CUST-00963,0.1946330833873977,3925.0229867558764,2,0,Standard/Low Priority
CUST-00964,0.13829985814610163,4789.59754942295,2,0,Standard/Low Priority
CUST-00965,0.12392329429287234,4479.20074854946,2,0,Standard/Low Priority
CUST-00966,0.2620365741994915,7012.778032912317,0,1,Standard/Low Priority
CUST-00967,0.2549230198367706,4382.4905967968325,1,0,Standard/Low Priority
CUST-00968,0.2318141457534446,4861.336055549492,0,0,Standard/Low Priority
CUST-00969,0.20429924347340747,2777.595924375111,2,0,Standard/Low Priority
CUST-00970,0.21833928392608648,3763.761420313731,2,0,Standard/Low Priority
CUST-00971,0.1373563362519758,4067.2391478636996,2,0,Standard/Low Priority
CUST-00972,0.1470393005341105,5578.065643140133,2,0,Standard/Low Priority
CUST-00973,0.16810371854174697,7653.913997973051,0,0,Standard/Low Priority
CUST-00974,0.12382891345660367,6132.845216613456,2,0,Standard/Low Priority
CUST-00975,0.12734671146167856,5458.177310437031,0,0,Standard/Low Priority
CUST-00976,0.2009038092574075,3219.3166025457863,2,0,Standard/Low Priority
CUST-00977,0.2092280779796987,5616.036456089654,0,0,Standard/Low Priority
CUST-00978,0.1327964103459241,7778.928800127087,0,0,Standard/Low Priority
CUST-00979,0.14927019475171557,6137.541651480739,0,0,Standard/Low Priority
CUST-00980,0.20412996313544352,5948.455244187817,1,0,Standard/Low Priority
CUST-00981,0.12938611869583025,6526.583851075692,1,0,Standard/Low Priority
CUST-00982,0.20009433198517865,4120.265602864215,1,1,Standard/Low Priority
CUST-00983,0.1996864778955966,6849.021204967777,1,0,Standard/Low Priority
CUST-00984,0.12028979937151506,6902.2280804867105,1,0,Standard/Low Priority
CUST-00985,0.1803059874525143,4744.07671803425,0,0,Standard/Low Priority
CUST-00986,0.1918790149048341,6549.142474865862,1,0,Standard/Low Priority
CUST-00987,0.20769477562685304,4563.658848910161,1,1,Standard/Low Priority
CUST-00988,0.14620153822382506,6321.513660180604,1,0,Standard/Low Priority
CUST-00989,0.21065552890171627,3368.733765716619,2,0,Standard/Low Priority
CUST-00990,0.12472525240589659,5721.198075352486,1,0,Standard/Low Priority
CUST-00991,0.17977569225024176,4329.1712698449055,2,0,Standard/Low Priority
CUST-00992,0.12888305776905729,6980.6356673454075,0,0,Standard/Low Priority
CUST-00993,0.2123979961621265,5649.205635159197,0,0,Standard/Low Priority
CUST-00994,0.12006499888331917,5209.366523272569,2,0,Standard/Low Priority
CUST-00995,0.14000396005809027,3702.919947380232,2,0,Standard/Low Priority
CUST-00996,0.2745035909005378,5764.450884378606,1,1,Standard/Low Priority
CUST-00997,0.22475637803934664,5917.72791757947,0,0,Standard/Low Priority
CUST-00998,0.20655726883701817,4091.678561867608,2,0,Standard/Low Priority
CUST-00999,0.150987823407546,4587.169472492458,2,0,Standard/Low Priority
CUST-01000,0.15953709706948038,5537.13294928286,2,1,Standard/Low Priority
CUST-01001,0.12688190316856365,3363.3353611533794,2,0,Standard/Low Priority
CUST-01002,0.15126502035225348,5813.493789069438,2,0,Standard/Low Priority
CUST-01003,0.20633695822830395,4479.446327564252,2,0,Standard/Low Priority
CUST-01004,0.1404477003741753,4690.358239655652,2,0,Standard/Low Priority
CUST-01005,0.16541475998133748,4352.203965901711,2,0,Standard/Low Priority
CUST-01006,0.2292596476900546,8177.433693242717,0,0,Standard/Low Priority
CUST-01007,0.22842579809563673,4058.154333887426,1,1,Standard/Low Priority
CUST-01008,0.11399058736328437,7766.049693498983,0,1,Standard/Low Priority
CUST-01009,0.21374382524365493,6497.193681364638,0,0,Standard/Low Priority
CUST-01010,0.1870223182112455,3475.119052804229,2,0,Standard/Low Priority
CUST-01011,0.18329833395993184,2618.2437284088983,2,0,Standard/Low Priority
CUST-01012,0.13761526698995624,7675.865595385889,0,0,Standard/Low Priority
CUST-01013,0.17642866285369022,3611.952035746153,2,0,Standard/Low Priority
CUST-01014,0.22060963476409998,4947.311646567111,0,0,Standard/Low Priority
CUST-01015,0.19421902920585482,4035.3201024208347,2,1,Standard/Low Priority
CUST-01016,0.17717831240772786,3801.222126454317,2,0,Standard/Low Priority
CUST-01017,0.1363576066945837,7682.022807420155,0,0,Standard/Low Priority
CUST-01018,0.13071661978024665,9373.73845848406,0,0,Standard/Low Priority
CUST-01019,0.15679563652976383,4781.328749652801,2,0,Standard/Low Priority
CUST-01020,0.13785946645988922,4983.5606480796,2,0,Standard/Low Priority
CUST-01021,0.26598239094962417,5784.389147763192,1,0,Standard/Low Priority
CUST-01022,0.17807856903300956,3850.7222399959646,2,0,Standard/Low Priority
CUST-01023,0.14730543121545178,6609.139946122702,0,0,Standard/Low Priority
CUST-01024,0.10590437037619115,5762.325810568356,0,0,Standard/Low Priority
CUST-01025,0.18120252215001895,7268.8677094565255,0,0,Standard/Low Priority
CUST-01026,0.1448974112500532,8085.378685502483,0,0,Standard/Low Priority
CUST-01027,0.23321764301255185,4915.981904467476,0,0,Standard/Low Priority
CUST-01028,0.21327916870053115,3514.4873302260744,2,0,Standard/Low Priority
CUST-01029,0.23366799611765607,5890.320637994706,0,0,Standard/Low Priority
CUST-01030,0.16474186473394214,4646.104750334244,2,0,Standard/Low Priority
CUST-01031,0.10968521075795595,5555.801210529568,2,0,Standard/Low Priority
CUST-01032,0.20561589912745326,4664.980691175647,1,0,Standard/Low Priority
CUST-01033,0.12521194606046876,5363.720602101159,1,0,Standard/Low Priority
CUST-01034,0.1370892246122432,6113.763722704717,0,0,Standard/Low Priority
CUST-01035,0.18035937029006266,4201.470456149528,2,0,Standard/Low Priority
CUST-01036,0.127744356591477,7928.127268485472,1,0,Standard/Low Priority
CUST-01037,0.16415547211935633,3027.841266392861,2,0,Standard/Low Priority
CUST-01038,0.21777004708326353,3655.924017991679,2,0,Standard/Low Priority
CUST-01039,0.2101330309142712,6959.843177431972,0,0,Standard/Low Priority
CUST-01040,0.17855080809471352,7703.886517484668,0,1,Standard/Low Priority
CUST-01041,0.17763814442368425,6132.003638318802,0,0,Standard/Low Priority
CUST-01042,0.1985909749339517,6554.442343456345,0,0,Standard/Low Priority
CUST-01043,0.19164069481519574,4502.512793928067,2,0,Standard/Low Priority
CUST-01044,0.15209750454989204,4754.705204869282,2,0,Standard/Low Priority
CUST-01045,0.12017061508404991,4989.800185735408,2,0,Standard/Low Priority
CUST-01046,0.2182427640208776,4946.837702772586,1,0,Standard/Low Priority
CUST-01047,0.17611340999885503,3561.682609586163,2,0,Standard/Low Priority
CUST-01048,0.19536596573275747,4626.763076013693,2,0,Standard/Low Priority
CUST-01049,0.13026773918111853,7226.519106327902,0,0,Standard/Low Priority
CUST-01050,0.14296930341820327,7501.816373043026,1,0,Standard/Low Priority
CUST-01051,0.17896566194959015,4302.049381373852,2,0,Standard/Low Priority
CUST-01052,0.22552146159114206,4533.233114531011,2,0,Standard/Low Priority
CUST-01053,0.12447783062352029,3886.4008925501053,2,0,Standard/Low Priority
CUST-01054,0.15407075613210114,6125.052191257467,2,0,Standard/Low Priority
CUST-01055,0.17440758964413774,4031.7191600730157,2,0,Standard/Low Priority
CUST-01056,0.17440262032623,7846.7195474858945,0,0,Standard/Low Priority
CUST-01057,0.11237625520139749,5149.919548289601,2,0,Standard/Low Priority
CUST-01058,0.22604360903527013,6400.892572493636,0,0,Standard/Low Priority
CUST-01059,0.24462440289487167,4026.0247238256597,1,0,Standard/Low Priority
CUST-01060,0.20882904540524053,3102.281949541566,2,0,Standard/Low Priority
CUST-01061,0.20415240070932505,3255.9622191848175,2,0,Standard/Low Priority
CUST-01062,0.1540866701638498,6491.364936855269,0,0,Standard/Low Priority
CUST-01063,0.1391829703343265,6552.311423435831,0,0,Standard/Low Priority
CUST-01064,0.23246771657108348,6470.796803239645,0,0,Standard/Low Priority
CUST-01065,0.14503870709683328,7310.121370041031,0,0,Standard/Low Priority
CUST-01066,0.16771242971975783,3690.0544197500253,2,0,Standard/Low Priority
CUST-01067,0.1457690525067711,7944.311321696964,0,0,Standard/Low Priority
CUST-01068,0.17589287954787758,3812.205103743871,1,0,Standard/Low Priority
CUST-01069,0.11571680763681633,6221.902358252813,0,0,Standard/Low Priority
CUST-01070,0.11115876056373988,5905.835251447875,2,0,Standard/Low Priority
CUST-01071,0.12657191928176276,6382.7314167622435,0,0,Standard/Low Priority
CUST-01072,0.11224622516989469,5414.498713439018,1,1,Standard/Low Priority
CUST-01073,0.24360811835425936,5438.891820680109,0,0,Standard/Low Priority
CUST-01074,0.11797046898346569,4403.865156357587,2,0,Standard/Low Priority
CUST-01075,0.13904738135796724,4805.809275089942,1,0,Standard/Low Priority
CUST-01076,0.19441342895661806,5168.253995054227,0,0,Standard/Low Priority
CUST-01077,0.14226017235285832,7501.645796535305,0,0,Standard/Low Priority
CUST-01078,0.205312479936175,3517.918450866421,2,0,Standard/Low Priority
CUST-01079,0.19784344625985428,4213.784717586926,2,0,Standard/Low Priority
CUST-01080,0.17271519310264324,6012.390380936763,2,0,Standard/Low Priority
CUST-01081,0.2094095454014959,6588.202888557628,0,0,Standard/Low Priority
CUST-01082,0.27898546276390834,5424.393889973242,1,1,Standard/Low Priority
CUST-01083,0.19012431653847958,2937.598450650208,2,0,Standard/Low Priority
CUST-01084,0.12440211215854007,4925.976568068291,2,0,Standard/Low Priority
CUST-01085,0.11934072930588803,5545.532322614456,2,0,Standard/Low Priority
CUST-01086,0.2546715454318627,6977.360263821104,0,0,Standard/Low Priority
CUST-01087,0.14685557021338755,8305.403318922165,0,0,Standard/Low Priority
CUST-01088,0.11105685856786207,5168.429208792109,1,0,Standard/Low Priority
CUST-01089,0.15100262672482404,7501.483371506427,0,0,Standard/Low Priority
CUST-01090,0.15458956924225867,6256.930380192302,0,0,Standard/Low Priority
CUST-01091,0.11608783507045388,5161.713929840607,2,0,Standard/Low Priority
CUST-01092,0.17712753169649606,5331.378133077964,0,0,Standard/Low Priority
CUST-01093,0.19394352382542868,3735.649826755334,2,0,Standard/Low Priority
CUST-01094,0.12688190316856365,5441.616153732232,1,0,Standard/Low Priority
CUST-01095,0.18545709712589425,3589.188353706236,2,0,Standard/Low Priority
CUST-01096,0.23570176206106808,4171.366177276891,1,0,Standard/Low Priority
CUST-01097,0.20789338944751484,5638.202823033833,1,0,Standard/Low Priority
CUST-01098,0.20259968671976084,6364.681963661169,0,0,Standard/Low Priority
CUST-01099,0.15860329708041637,6116.26882437759,1,0,Standard/Low Priority
CUST-01100,0.1889949345542086,4745.910748369087,1,0,Standard/Low Priority
CUST-01101,0.1281096902253487,4087.6672964610807,2,0,Standard/Low Priority
CUST-01102,0.2354553962494731,6884.694849003856,1,0,Standard/Low Priority
CUST-01103,0.28713083241345033,5525.324072912678,1,0,Standard/Low Priority
CUST-01104,0.1833732391445828,4813.391054541235,2,0,Standard/Low Priority
CUST-01105,0.1973201930301765,4316.588497668847,2,0,Standard/Low Priority
CUST-01106,0.16825929423862843,4606.798070631327,2,0,Standard/Low Priority
CUST-01107,0.17472355130008277,6495.226677908081,0,0,Standard/Low Priority
CUST-01108,0.12322689288722684,4929.838949260207,2,0,Standard/Low Priority
CUST-01109,0.19214250371843566,2384.4025795668717,2,0,Standard/Low Priority
CUST-01110,0.2207787757974857,7688.851670852846,0,0,Standard/Low Priority
CUST-01111,0.16496834568770105,4835.669019977776,2,0,Standard/Low Priority
CUST-01112,0.20910225739832947,4229.130267042607,2,0,Standard/Low Priority
CUST-01113,0.19882769228693106,5462.355139574493,1,0,Standard/Low Priority
CUST-01114,0.14042351723329832,5029.203727100454,2,0,Standard/Low Priority
CUST-01115,0.19467661923737764,3974.1233923344507,2,0,Standard/Low Priority
CUST-01116,0.2352030975712982,2818.33920259245,2,0,Standard/Low Priority
CUST-01117,0.12679761095745243,4023.852384593105,2,0,Standard/Low Priority
CUST-01118,0.14828956651702288,7501.717561619666,0,0,Standard/Low Priority
CUST-01119,0.12711330393455653,7948.009792229959,0,0,Standard/Low Priority
CUST-01120,0.2817770976821279,4609.929804871628,0,0,Standard/Low Priority
CUST-01121,0.18423179325746505,3505.8730231193617,2,0,Standard/Low Priority
CUST-01122,0.21095875764645045,3765.5097806293134,2,0,Standard/Low Priority
CUST-01123,0.13826491803799043,4660.791140672169,2,0,Standard/Low Priority
CUST-01124,0.17499322998469233,5504.343490617884,0,0,Standard/Low Priority
CUST-01125,0.14306241395039182,6591.649354800373,1,0,Standard/Low Priority
CUST-01126,0.12808965362602712,6295.660873511274,1,0,Standard/Low Priority
CUST-01127,0.12162747401266684,6301.970828725654,0,0,Standard/Low Priority
CUST-01128,0.20692409363240283,5911.307672228374,0,0,Standard/Low Priority
CUST-01129,0.12691928234398814,5714.510263145828,2,0,Standard/Low Priority
CUST-01130,0.14150834416349092,4419.917239634911,1,0,Standard/Low Priority
CUST-01131,0.19539225102091196,3539.929307672198,2,0,Standard/Low Priority
CUST-01132,0.17887076591597378,5105.304791170791,1,0,Standard/Low Priority
CUST-01133,0.1637171983978902,3493.7024662961444,2,0,Standard/Low Priority
CUST-01134,0.18275506478038636,3058.8479551488767,2,0,Standard/Low Priority
CUST-01135,0.14507482155745688,5166.407988809443,2,0,Standard/Low Priority
CUST-01136,0.18594736505108606,4449.532775400395,2,0,Standard/Low Priority
CUST-01137,0.12364207814690681,5431.80509150796,2,0,Standard/Low Priority
CUST-01138,0.14104562149520633,6699.504224961576,0,0,Standard/Low Priority
CUST-01139,0.12254016448386774,5670.601003704193,1,0,Standard/Low Priority
CUST-01140,0.14183085768493212,4610.868851714092,2,0,Standard/Low Priority
CUST-01141,0.10918216621327423,3403.2174056702256,2,0,Standard/Low Priority
CUST-01142,0.17003026090841772,4229.130267042607,2,0,Standard/Low Priority
CUST-01143,0.16804904437818177,3555.260341925333,2,0,Standard/Low Priority
CUST-01144,0.13675867623708854,5999.962767069879,2,0,Standard/Low Priority
CUST-01145,0.15810161593801866,8685.221534041491,0,0,Standard/Low Priority
CUST-01146,0.19531632025802906,5686.234782722866,0,0,Standard/Low Priority
CUST-01147,0.13481606116963038,3949.206789502929,2,0,Standard/Low Priority
CUST-01148,0.11601138491073534,5866.041987360958,2,0,Standard/Low Priority
CUST-01149,0.225643255063583,6902.964423626824,0,0,Standard/Low Priority
CUST-01150,0.1577132591331706,7021.661154640082,1,0,Standard/Low Priority
CUST-01151,0.12125099747512769,6410.8895768217035,0,0,Standard/Low Priority
CUST-01152,0.18018796006942228,4222.125866831063,1,0,Standard/Low Priority
CUST-01153,0.25388305984788245,3493.4759030649275,2,0,Standard/Low Priority
CUST-01154,0.26239180160457254,5447.451000593342,0,0,Standard/Low Priority
CUST-01155,0.15270378046570804,5405.428499210495,2,0,Standard/Low Priority
CUST-01156,0.189982155951432,5738.40848509863,0,0,Standard/Low Priority
CUST-01157,0.1267481406893166,4989.800185735408,2,0,Standard/Low Priority
CUST-01158,0.11649900846354122,3646.6972068337573,2,0,Standard/Low Priority
CUST-01159,0.11093468061548487,4703.808198171974,2,0,Standard/Low Priority
CUST-01160,0.20461087707051231,5875.955137575228,0,0,Standard/Low Priority
CUST-01161,0.19468679113553392,3751.469379600621,2,0,Standard/Low Priority
CUST-01162,0.21328918393871932,5321.730665906644,0,0,Standard/Low Priority
CUST-01163,0.23469205403229532,6388.313784281758,1,0,Standard/Low Priority
CUST-01164,0.1680136797075813,5080.441749123936,0,0,Standard/Low Priority
CUST-01165,0.21619756093121814,4012.128640296396,1,0,Standard/Low Priority
CUST-01166,0.16682309636633108,4591.405288807631,1,0,Standard/Low Priority
CUST-01167,0.12571310169635835,6375.436500401854,1,0,Standard/Low Priority
CUST-01168,0.1728596251781896,4411.72336122999,2,0,Standard/Low Priority
CUST-01169,0.1615151144823366,4659.048315744557,2,0,Standard/Low Priority
CUST-01170,0.13049391211916295,5668.850569603563,2,0,Standard/Low Priority
CUST-01171,0.21701489459011797,3211.6700618630334,2,0,Standard/Low Priority
CUST-01172,0.11986173160158305,9605.050856196665,0,1,Standard/Low Priority
CUST-01173,0.14477411639574764,6627.525721845411,1,0,Standard/Low Priority
CUST-01174,0.19015531060717744,2683.467442162377,2,0,Standard/Low Priority
CUST-01175,0.1639348371169717,7179.903574086322,0,0,Standard/Low Priority
CUST-01176,0.11515755255010801,6071.840703078823,2,0,Standard/Low Priority
CUST-01177,0.1257227301842033,5241.918364986742,1,1,Standard/Low Priority
CUST-01178,0.2327615194421519,6276.49149202175,0,0,Standard/Low Priority
CUST-01179,0.1846627504939497,4099.847475952564,2,0,Standard/Low Priority
CUST-01180,0.23063360519875292,3837.300477692398,1,0,Standard/Low Priority
CUST-01181,0.1481599792507925,8238.796955729033,0,0,Standard/Low Priority
CUST-01182,0.19046445642665763,4882.535029619741,2,0,Standard/Low Priority
CUST-01183,0.19435538497259067,5387.278616603603,1,0,Standard/Low Priority
CUST-01184,0.19948191321476366,4864.357977452748,0,0,Standard/Low Priority
CUST-01185,0.2532092773708496,2573.2701198143445,2,0,Standard/Low Priority
CUST-01186,0.20691532829785284,4170.519081030728,2,0,Standard/Low Priority
CUST-01187,0.19398904065879957,2652.4990212300477,2,0,Standard/Low Priority
CUST-01188,0.13544888910184938,6278.337286906133,2,0,Standard/Low Priority
CUST-01189,0.20870940233420077,5835.3767198362975,0,0,Standard/Low Priority
CUST-01190,0.23203356827442956,3931.663936161783,2,0,Standard/Low Priority
CUST-01191,0.18456179135844905,3249.8998960663093,2,0,Standard/Low Priority
CUST-01192,0.21913338835300067,5748.216787745971,0,0,Standard/Low Priority
CUST-01193,0.12673215362974843,6006.80829980483,2,0,Standard/Low Priority
CUST-01194,0.20957068878511506,2531.5622855724523,2,0,Standard/Low Priority
CUST-01195,0.16408182241984207,8740.901017563143,0,1,Standard/Low Priority
CUST-01196,0.13705880076078225,7433.529581845442,0,0,Standard/Low Priority
CUST-01197,0.13445739581363844,6012.601169799153,2,0,Standard/Low Priority
CUST-01198,0.14047691284101238,6133.154534107342,0,0,Standard/Low Priority
CUST-01199,0.19451635429000436,4326.353036098017,2,0,Standard/Low Priority
CUST-01200,0.13744901528142042,5683.541093399268,2,0,Standard/Low Priority
CUST-01201,0.2021232340846877,5264.436755375549,0,0,Standard/Low Priority
CUST-01202,0.1964919325292223,8946.870040438509,0,0,Standard/Low Priority
CUST-01203,0.210108724375974,2455.823239364215,2,0,Standard/Low Priority
CUST-01204,0.19228811194227036,5942.435763545635,1,0,Standard/Low Priority
CUST-01205,0.21382727415101413,4669.560942517892,1,0,Standard/Low Priority
CUST-01206,0.13970436272596543,6047.485264159545,1,0,Standard/Low Priority
CUST-01207,0.11054710394042827,5571.446129674114,2,0,Standard/Low Priority
CUST-01208,0.18779448767057405,5638.322148778789,0,0,Standard/Low Priority
CUST-01209,0.18177299273397385,3658.6071839198353,2,0,Standard/Low Priority
CUST-01210,0.17423518059283527,4319.811376616873,2,0,Standard/Low Priority
CUST-01211,0.12074182771873516,3813.2973601084623,2,0,Standard/Low Priority
CUST-01212,0.20241000190691602,4128.329971550229,2,0,Standard/Low Priority
CUST-01213,0.18118562490613038,3863.74640129576,2,0,Standard/Low Priority
CUST-01214,0.1439344492283414,7086.188213104348,0,0,Standard/Low Priority
CUST-01215,0.2182330739041579,5705.890554638513,2,1,Standard/Low Priority
CUST-01216,0.15462279290326636,7320.710315534805,0,0,Standard/Low Priority
CUST-01217,0.15210429066978967,5284.039256567327,1,0,Standard/Low Priority
CUST-01218,0.14922349241996088,5218.412062456934,1,0,Standard/Low Priority
CUST-01219,0.1764651107010338,3761.326426933307,2,0,Standard/Low Priority
CUST-01220,0.18555567668926315,5036.505431789259,0,0,Standard/Low Priority
CUST-01221,0.14230777910259249,5639.232808133491,1,0,Standard/Low Priority
CUST-01222,0.173449397189358,3364.2833230794163,2,0,Standard/Low Priority
CUST-01223,0.12358782006544175,6905.633479052523,1,0,Standard/Low Priority
CUST-01224,0.16872718105112036,4074.599060673398,2,0,Standard/Low Priority
CUST-01225,0.1867590607853088,5642.797406042867,0,0,Standard/Low Priority
CUST-01226,0.19231509334429156,5669.159059473256,1,0,Standard/Low Priority
CUST-01227,0.1408694611714255,4950.69109960052,2,0,Standard/Low Priority
CUST-01228,0.10723118163483576,4008.7949877127216,2,0,Standard/Low Priority
CUST-01229,0.2029777341666451,3094.5864521667163,2,0,Standard/Low Priority
CUST-01230,0.23848683843039706,3020.932769163405,2,0,Standard/Low Priority
CUST-01231,0.2101239945109282,5547.126694679744,0,0,Standard/Low Priority
CUST-01232,0.21265683148246267,6102.479809403335,0,0,Standard/Low Priority
CUST-01233,0.23660340160933238,6691.965345818688,1,1,Standard/Low Priority
CUST-01234,0.16857910320638894,4883.823727820742,2,0,Standard/Low Priority
CUST-01235,0.195137847684467,5402.549441208025,0,0,Standard/Low Priority
CUST-01236,0.21134948429678416,5734.549622986879,0,0,Standard/Low Priority
CUST-01237,0.19268236468818223,6599.925753863685,1,0,Standard/Low Priority
CUST-01238,0.17684010496770441,5938.305727162341,0,0,Standard/Low Priority
CUST-01239,0.1725561693147362,6054.795518364448,0,0,Standard/Low Priority
CUST-01240,0.14016349641016326,5416.819728747343,1,0,Standard/Low Priority
CUST-01241,0.13687317373313004,6568.892435111129,1,0,Standard/Low Priority
CUST-01242,0.13526826341215292,6351.758546225714,0,0,Standard/Low Priority
CUST-01243,0.1845350405718382,3954.9579789625736,2,0,Standard/Low Priority
CUST-01244,0.12303036056229912,3970.1017849320083,2,0,Standard/Low Priority
CUST-01245,0.1297935795223098,5971.117924268068,1,0,Standard/Low Priority
CUST-01246,0.13005018098275298,5900.740683837186,1,0,Standard/Low Priority
CUST-01247,0.13019547886609137,8317.536080003412,0,0,Standard/Low Priority
CUST-01248,0.19650057288861988,5461.469339256553,1,0,Standard/Low Priority
CUST-01249,0.11264621793556615,5040.496550971724,2,0,Standard/Low Priority
CUST-01250,0.16351936838245745,4906.070710621554,2,0,Standard/Low Priority
CUST-01251,0.11371307811558634,6355.690787332667,2,0,Standard/Low Priority
CUST-01252,0.14711085768813978,5754.443751968975,2,0,Standard/Low Priority
CUST-01253,0.16435298061096154,3824.57916684637,2,1,Standard/Low Priority
CUST-01254,0.23422465293936234,5917.702359431594,0,0,Standard/Low Priority
CUST-01255,0.15918674459170595,4238.130697976329,1,0,Standard/Low Priority
CUST-01256,0.15240784723460887,6746.376788770145,0,0,Standard/Low Priority
CUST-01257,0.139178727016688,5635.482358483804,2,0,Standard/Low Priority
CUST-01258,0.1209015453868053,4299.988219725046,2,0,Standard/Low Priority
CUST-01259,0.18595943646804994,4651.556429520753,2,0,Standard/Low Priority
CUST-01260,0.1973225693614684,3179.5190716543602,2,0,Standard/Low Priority
CUST-01261,0.20562207421965464,6765.314219084738,0,0,Standard/Low Priority
CUST-01262,0.12598478710424424,4980.295239234177,2,0,Standard/Low Priority
CUST-01263,0.13726221131285363,3472.9476106368675,2,0,Standard/Low Priority
CUST-01264,0.15706750176903378,5443.782059014778,2,0,Standard/Low Priority
CUST-01265,0.1219223133323156,8545.329614560509,0,0,Standard/Low Priority
CUST-01266,0.14360927602580228,6332.847936789456,0,0,Standard/Low Priority
CUST-01267,0.1947825159398821,6873.8602407821445,0,0,Standard/Low Priority
CUST-01268,0.16944242477639482,7669.256380146722,1,0,Standard/Low Priority
CUST-01269,0.15480170655381728,6116.26882437759,1,0,Standard/Low Priority
CUST-01270,0.14634586994179485,7587.38943114898,1,0,Standard/Low Priority
CUST-01271,0.15170842936778575,6064.605328532369,1,0,Standard/Low Priority
CUST-01272,0.1324240146827517,6032.696679649866,2,1,Standard/Low Priority
CUST-01273,0.2077051386335403,3653.3741632974993,2,0,Standard/Low Priority
CUST-01274,0.14080625281700485,4941.991928864179,2,0,Standard/Low Priority
CUST-01275,0.22197337514120435,6836.700705723696,1,0,Standard/Low Priority
CUST-01276,0.21886421012975915,5764.147146535289,0,0,Standard/Low Priority
CUST-01277,0.20170867455793023,2574.730645280077,2,0,Standard/Low Priority
CUST-01278,0.19437639941539736,5635.193824068835,0,0,Standard/Low Priority
CUST-01279,0.2261129106868904,5360.561090164634,1,1,Standard/Low Priority
CUST-01280,0.1260792578979364,5887.412359713545,2,1,Standard/Low Priority
CUST-01281,0.16914829286574407,4777.671605776698,1,0,Standard/Low Priority
CUST-01282,0.17159892115833697,4206.454578304081,2,0,Standard/Low Priority
CUST-01283,0.17817331868673025,5324.351195262759,0,0,Standard/Low Priority
CUST-01284,0.195309696830019,4711.505349715729,2,0,Standard/Low Priority
CUST-01285,0.16289195717300536,5806.202814075624,1,0,Standard/Low Priority
CUST-01286,0.22031358684659288,5321.644700556673,0,0,Standard/Low Priority
CUST-01287,0.16984018547075366,4990.360104136517,2,0,Standard/Low Priority
CUST-01288,0.1860346302503246,9435.850678583758,0,0,Standard/Low Priority
CUST-01289,0.1596670298928254,6171.90372607784,1,1,Standard/Low Priority
CUST-01290,0.13111272432405618,6757.256101720318,0,0,Standard/Low Priority
CUST-01291,0.13950190060983664,3502.225065901698,2,1,Standard/Low Priority
CUST-01292,0.23213924984957804,2970.8001464650238,2,0,Standard/Low Priority
CUST-01293,0.14187013940093668,7859.025668179953,0,0,Standard/Low Priority
CUST-01294,0.17729898454974372,7702.706783542401,0,1,Standard/Low Priority
CUST-01295,0.22022180173368028,4454.692775969347,2,0,Standard/Low Priority
CUST-01296,0.22501130323270346,6976.092320949987,0,0,Standard/Low Priority
CUST-01297,0.12265040609407349,4911.206373313742,2,0,Standard/Low Priority
CUST-01298,0.18576305479091942,3863.629201127201,2,0,Standard/Low Priority
CUST-01299,0.2903259332955417,4006.9890306930433,1,0,Standard/Low Priority
CUST-01300,0.18213206187782233,4091.141669798935,2,0,Standard/Low Priority
CUST-01301,0.14353710999462513,7692.859380474739,0,0,Standard/Low Priority
CUST-01302,0.18050674747892118,3659.075733662514,2,0,Standard/Low Priority
CUST-01303,0.1906641814563129,5865.291181886876,0,0,Standard/Low Priority
CUST-01304,0.18960332995090748,3950.319555813516,1,0,Standard/Low Priority
CUST-01305,0.14134751346356805,5232.204468481831,0,0,Standard/Low Priority
CUST-01306,0.19088901141720066,6544.853185074128,0,0,Standard/Low Priority
CUST-01307,0.1341476185416217,6344.125159527398,1,0,Standard/Low Priority
CUST-01308,0.19920822604004246,3172.8189367473956,2,0,Standard/Low Priority
CUST-01309,0.1936087602258695,4795.6607663149525,1,0,Standard/Low Priority
CUST-01310,0.22027679984576473,5549.790326523131,0,0,Standard/Low Priority
CUST-01311,0.18742557180607464,7022.543005973932,0,0,Standard/Low Priority
CUST-01312,0.21873398226902854,2609.0500631870204,2,1,Standard/Low Priority
CUST-01313,0.19407983171495735,5356.710060093961,1,0,Standard/Low Priority
CUST-01314,0.12886758964479955,5274.190398364631,2,0,Standard/Low Priority
CUST-01315,0.19448507078767413,5755.143738032123,1,0,Standard/Low Priority
CUST-01316,0.19403698732143973,4828.318137449294,1,0,Standard/Low Priority
CUST-01317,0.23670545714572008,5522.295991014029,1,1,Standard/Low Priority
CUST-01318,0.1695377976849603,2475.4137353785563,2,0,Standard/Low Priority
CUST-01319,0.18569101268892146,5487.658690795244,0,0,Standard/Low Priority
CUST-01320,0.17541265042723683,5549.199991540861,0,0,Standard/Low Priority
CUST-01321,0.2175156547565804,4726.332471812018,1,0,Standard/Low Priority
CUST-01322,0.18973390975614887,4767.051617149015,2,0,Standard/Low Priority
CUST-01323,0.16349543591498567,5257.335357642978,1,0,Standard/Low Priority
CUST-01324,0.15088345776636808,7050.891638318102,0,0,Standard/Low Priority
CUST-01325,0.11621806635097963,5060.0995891535795,2,0,Standard/Low Priority
CUST-01326,0.2105771151122879,6723.836672331534,0,1,Standard/Low Priority
CUST-01327,0.15654110178325506,6019.466071060686,1,0,Standard/Low Priority
CUST-01328,0.19935986448745663,5325.523126016374,1,0,Standard/Low Priority
CUST-01329,0.1753379887084442,6382.809860802174,0,0,Standard/Low Priority
CUST-01330,0.1267598703602174,3643.5130167215734,2,0,Standard/Low Priority
CUST-01331,0.20218858477680413,3892.9450624304295,1,1,Standard/Low Priority
CUST-01332,0.21930389751088356,5883.703683471422,1,0,Standard/Low Priority
CUST-01333,0.14606353829003577,5136.816618021384,1,0,Standard/Low Priority
CUST-01334,0.1389923680531312,3504.940913002193,2,0,Standard/Low Priority
CUST-01335,0.23280582851516726,3643.3428546020705,2,0,Standard/Low Priority
CUST-01336,0.18312773819679393,3506.7579268265154,2,0,Standard/Low Priority
CUST-01337,0.2002481920186595,5531.142168443989,1,0,Standard/Low Priority
CUST-01338,0.15553147903827014,7703.894927370104,1,0,Standard/Low Priority
CUST-01339,0.16964801231872978,4484.5427140616885,2,0,Standard/Low Priority
CUST-01340,0.17994495225148627,3965.133787184901,2,0,Standard/Low Priority
CUST-01341,0.19145442912499086,5450.897381694274,0,0,Standard/Low Priority
CUST-01342,0.17292838660766466,6646.766758278776,0,0,Standard/Low Priority
CUST-01343,0.12087146305568235,4872.630635938874,2,0,Standard/Low Priority
CUST-01344,0.1877753253927469,3990.6770111698306,2,0,Standard/Low Priority
CUST-01345,0.14717762347792773,6091.64909358136,2,0,Standard/Low Priority
CUST-01346,0.20072536218712955,6293.748691705718,0,0,Standard/Low Priority
CUST-01347,0.14885310035411045,6939.457681844034,0,0,Standard/Low Priority
CUST-01348,0.19136507473075334,4563.666309778262,1,0,Standard/Low Priority
CUST-01349,0.1833784967743032,4588.203754603322,2,0,Standard/Low Priority
CUST-01350,0.1801665355421224,4955.550797272817,0,0,Standard/Low Priority
CUST-01351,0.12712067734921598,9147.665901328433,0,0,Standard/Low Priority
CUST-01352,0.15874553398063568,7303.108876516746,0,0,Standard/Low Priority
CUST-01353,0.1461657711080566,7154.391164967647,0,0,Standard/Low Priority
CUST-01354,0.18540850252609536,3158.7587093773886,2,0,Standard/Low Priority
CUST-01355,0.16794474427938774,4317.755801403084,2,0,Standard/Low Priority
CUST-01356,0.17578380528059895,3268.8135109933664,2,0,Standard/Low Priority
CUST-01357,0.19837818031828058,3602.630343882486,2,0,Standard/Low Priority
CUST-01358,0.19355445388241826,5330.321584674241,1,0,Standard/Low Priority
CUST-01359,0.11991497090682486,6350.29245408846,1,0,Standard/Low Priority
CUST-01360,0.14638889308157343,6750.852463146652,0,0,Standard/Low Priority
CUST-01361,0.16850684958223514,6372.386296794163,2,0,Standard/Low Priority
CUST-01362,0.2285227511971931,5879.145399743288,0,0,Standard/Low Priority
CUST-01363,0.22465610185571097,5239.882223010788,0,0,Standard/Low Priority
CUST-01364,0.18251364637979933,5010.662461470774,0,0,Standard/Low Priority
CUST-01365,0.22455893614873068,5670.964669837172,0,0,Standard/Low Priority
CUST-01366,0.13923185104849456,5564.565928176266,2,0,Standard/Low Priority
CUST-01367,0.138299131397547,6707.960530734667,0,0,Standard/Low Priority
CUST-01368,0.19362536539642647,5371.886882224764,0,0,Standard/Low Priority
CUST-01369,0.1824863260420409,3765.5097806293134,1,0,Standard/Low Priority
CUST-01370,0.15406357002357035,7644.284610416537,0,0,Standard/Low Priority
CUST-01371,0.2084061362707387,7398.436403493022,0,1,Standard/Low Priority
CUST-01372,0.17426148928082846,2439.062428282846,2,0,Standard/Low Priority
CUST-01373,0.13569186256826,6657.328928734711,1,0,Standard/Low Priority
CUST-01374,0.15338949696946008,5309.111859123817,2,0,Standard/Low Priority
CUST-01375,0.19501554482565042,4899.17049723805,2,0,Standard/Low Priority
CUST-01376,0.1305204642737532,3991.868210738158,2,0,Standard/Low Priority
CUST-01377,0.15379497322125668,8305.334370785418,0,0,Standard/Low Priority
CUST-01378,0.1954593510161146,5328.94856140001,1,0,Standard/Low Priority
CUST-01379,0.18885883476021445,3748.3314652411896,2,0,Standard/Low Priority
CUST-01380,0.12987085419821898,6953.273519111011,0,0,Standard/Low Priority
CUST-01381,0.10901986164901643,5615.109445025733,2,0,Standard/Low Priority
CUST-01382,0.21769576872337684,4710.844289587532,1,0,Standard/Low Priority
CUST-01383,0.26716324646908335,4042.2001449701543,2,0,Standard/Low Priority
CUST-01384,0.1834996511865848,6973.760844449337,0,0,Standard/Low Priority
CUST-01385,0.26109746057221495,7105.811638796658,0,0,Standard/Low Priority
CUST-01386,0.1704048095717054,4638.18208529462,0,0,Standard/Low Priority
CUST-01387,0.23878203280198304,2743.2716438899065,2,0,Standard/Low Priority
CUST-01388,0.20390240759342262,5559.322542106047,0,0,Standard/Low Priority
CUST-01389,0.15342089424057337,6934.362498883332,1,0,Standard/Low Priority
CUST-01390,0.1307776833812864,6708.336154627213,1,0,Standard/Low Priority
CUST-01391,0.18888748001170022,3218.5435014856994,2,0,Standard/Low Priority
CUST-01392,0.157631518800392,8914.132225482255,0,0,Standard/Low Priority
CUST-01393,0.2002275031580145,3559.4398108559267,2,1,Standard/Low Priority
CUST-01394,0.1956643647335237,4912.095745103664,2,0,Standard/Low Priority
CUST-01395,0.24952994123247355,6895.558954102995,0,0,Standard/Low Priority
CUST-01396,0.13462877329114245,6808.873613324132,0,0,Standard/Low Priority
CUST-01397,0.13679682241349095,5489.58203560287,2,0,Standard/Low Priority
CUST-01398,0.12659261185604898,7055.530061467159,0,0,Standard/Low Priority
CUST-01399,0.20260882400494842,4721.209232764005,2,0,Standard/Low Priority
CUST-01400,0.2146058898970898,4900.506417752679,1,0,Standard/Low Priority
CUST-01401,0.18459599564617654,3757.679670373697,2,0,Standard/Low Priority
CUST-01402,0.12811362167875445,6134.57850628906,0,0,Standard/Low Priority
CUST-01403,0.20261447478395947,4273.16283345602,2,0,Standard/Low Priority
CUST-01404,0.11061749895714033,5541.568404169483,2,0,Standard/Low Priority
CUST-01405,0.19057553547300857,7085.4733044769955,0,0,Standard/Low Priority
CUST-01406,0.2500252240362715,5905.128475849723,0,0,Standard/Low Priority
CUST-01407,0.19983203459077414,6463.504480163603,0,0,Standard/Low Priority
CUST-01408,0.20845696904032718,4848.484408301363,0,0,Standard/Low Priority
CUST-01409,0.1580362304095698,6666.565133484386,0,0,Standard/Low Priority
CUST-01410,0.1268544748979992,4798.814388297768,2,0,Standard/Low Priority
CUST-01411,0.1906573962689643,4842.180029145415,0,0,Standard/Low Priority
CUST-01412,0.1513364875796815,5704.39534288404,1,0,Standard/Low Priority
CUST-01413,0.2011964092499257,2442.9523493158526,2,0,Standard/Low Priority
CUST-01414,0.19831755514174718,6403.72755595467,0,0,Standard/Low Priority
CUST-01415,0.152629064704421,5154.416700713077,2,0,Standard/Low Priority
CUST-01416,0.12729350800809477,5496.677872588411,2,0,Standard/Low Priority
CUST-01417,0.21917626403267934,3945.0200043151654,2,0,Standard/Low Priority
CUST-01418,0.16157177704397874,7551.43785184136,0,0,Standard/Low Priority
CUST-01419,0.11882421805230482,6219.74115546592,2,0,Standard/Low Priority
CUST-01420,0.1453476133574268,5551.529686814634,0,0,Standard/Low Priority
CUST-01421,0.11065340898556025,6024.794295008518,1,0,Standard/Low Priority
CUST-01422,0.22064603563414897,6652.10690168925,0,0,Standard/Low Priority
CUST-01423,0.19080257507445544,5542.268457050168,0,0,Standard/Low Priority
CUST-01424,0.14088687913582013,5517.012734664001,2,0,Standard/Low Priority
CUST-01425,0.1977819048302861,5429.741129541061,1,0,Standard/Low Priority
CUST-01426,0.1584803442816788,2960.023260510759,2,0,Standard/Low Priority
CUST-01427,0.17852008594207583,5424.70263728637,1,0,Standard/Low Priority
CUST-01428,0.20147657674103214,3190.7540131922765,2,0,Standard/Low Priority
CUST-01429,0.1911872583615225,5555.868703234102,1,0,Standard/Low Priority
CUST-01430,0.20068931740528106,4824.0241787396735,1,0,Standard/Low Priority
CUST-01431,0.18123445532361504,5498.1056395525875,0,0,Standard/Low Priority
CUST-01432,0.1834932757687669,4812.118221250213,1,0,Standard/Low Priority
CUST-01433,0.1325482932408945,4426.135877673302,1,0,Standard/Low Priority
CUST-01434,0.11677915173210848,5679.438960320229,1,0,Standard/Low Priority
CUST-01435,0.17954978412514833,4896.192547775025,0,0,Standard/Low Priority
CUST-01436,0.19939760514075275,4575.242999248599,1,0,Standard/Low Priority
CUST-01437,0.16778866208250562,4261.690114955249,2,0,Standard/Low Priority
CUST-01438,0.12429323774142745,5002.872820831723,1,0,Standard/Low Priority
CUST-01439,0.13694921822636247,4835.413326591268,2,0,Standard/Low Priority
CUST-01440,0.12640441249307796,7255.1383163056,0,0,Standard/Low Priority
CUST-01441,0.14277476753940888,4922.716850579323,2,0,Standard/Low Priority
CUST-01442,0.20509903495280138,3923.3227869176467,2,0,Standard/Low Priority
CUST-01443,0.15438728106491728,4004.7599350315654,2,0,Standard/Low Priority
CUST-01444,0.21070474450603624,3461.3870780076886,2,0,Standard/Low Priority
CUST-01445,0.18504382220266663,5288.151097320689,1,0,Standard/Low Priority
CUST-01446,0.20903046420540036,6677.465007725487,0,0,Standard/Low Priority
CUST-01447,0.1096415383974652,4823.740982957328,2,0,Standard/Low Priority
CUST-01448,0.16929136622304625,5397.532507819954,0,0,Standard/Low Priority
CUST-01449,0.12763523447955064,5591.602365002725,1,0,Standard/Low Priority
CUST-01450,0.19451719487634112,3816.714163156853,2,0,Standard/Low Priority
CUST-01451,0.2186941320748324,5330.2874359609195,1,0,Standard/Low Priority
CUST-01452,0.12974316204672168,4411.050252387439,2,0,Standard/Low Priority
CUST-01453,0.1853694817712279,4890.8380234566675,0,0,Standard/Low Priority
CUST-01454,0.1922139578338088,5931.705572205692,0,0,Standard/Low Priority
CUST-01455,0.18932413955405303,5506.856006818642,0,0,Standard/Low Priority
CUST-01456,0.12527419588332422,2701.739375716014,2,0,Standard/Low Priority
CUST-01457,0.20051751230582548,3747.512300477656,2,0,Standard/Low Priority
CUST-01458,0.1221616015060381,4868.997728592111,2,0,Standard/Low Priority
CUST-01459,0.14305512313490593,7751.890026456309,0,0,Standard/Low Priority
CUST-01460,0.14418409229640627,4320.947669916728,1,1,Standard/Low Priority
CUST-01461,0.19467599302483105,3405.165922023744,1,0,Standard/Low Priority
CUST-01462,0.1215923695813734,5176.157031289066,2,0,Standard/Low Priority
CUST-01463,0.17914457911828494,3084.6522265064964,2,0,Standard/Low Priority
CUST-01464,0.15979649183212086,5163.26110556268,2,0,Standard/Low Priority
CUST-01465,0.20177715181493916,5892.0822951443215,0,0,Standard/Low Priority
CUST-01466,0.21001422814411413,5682.756508621272,0,0,Standard/Low Priority
CUST-01467,0.2220618003894725,5696.691247866058,0,0,Standard/Low Priority
CUST-01468,0.11093514490566975,2964.373991932777,2,0,Standard/Low Priority
CUST-01469,0.13488916635606446,5950.396065847958,1,1,Standard/Low Priority
CUST-01470,0.20252738644706397,4263.498438599792,2,0,Standard/Low Priority
CUST-01471,0.2075686319354576,4516.642274908095,2,0,Standard/Low Priority
CUST-01472,0.12685615434721387,5153.529488498515,1,0,Standard/Low Priority
CUST-01473,0.12782642742099473,6038.443637304638,0,0,Standard/Low Priority
CUST-01474,0.12667107904997152,5484.127315766505,2,0,Standard/Low Priority
CUST-01475,0.21898027136720177,5657.235192327284,1,0,Standard/Low Priority
CUST-01476,0.1951237942586456,6579.002955005095,0,0,Standard/Low Priority
CUST-01477,0.21326831640184288,8867.958905748463,0,0,Standard/Low Priority
CUST-01478,0.18302732602000982,3883.8218693401313,2,0,Standard/Low Priority
CUST-01479,0.1767540178324182,4828.179975385951,2,0,Standard/Low Priority
CUST-01480,0.19379777551949723,6442.978253421704,0,0,Standard/Low Priority
CUST-01481,0.22676938142099715,5952.703313570832,0,0,Standard/Low Priority
CUST-01482,0.13794459514759788,6503.975225546006,0,0,Standard/Low Priority
CUST-01483,0.1992590232353852,3646.820944954935,2,0,Standard/Low Priority
CUST-01484,0.20665198775028867,4406.374874773221,2,0,Standard/Low Priority
CUST-01485,0.20519386171202586,6650.503254261646,0,1,Standard/Low Priority
CUST-01486,0.15720285928019095,8966.514550123942,0,0,Standard/Low Priority
CUST-01487,0.16815363316732274,7713.147348669032,1,0,Standard/Low Priority
CUST-01488,0.19981400232481786,4540.801653787715,2,0,Standard/Low Priority
CUST-01489,0.18716813262101517,5374.92153564272,1,1,Standard/Low Priority
CUST-01490,0.18792963499698426,4460.622279314228,1,0,Standard/Low Priority
CUST-01491,0.12992303660217414,4597.812356756379,2,0,Standard/Low Priority
CUST-01492,0.1686211218401866,6006.80829980483,2,0,Standard/Low Priority
CUST-01493,0.23564478181206044,4364.235971379413,0,0,Standard/Low Priority
CUST-01494,0.18863530494295339,7758.777371439986,0,1,Standard/Low Priority
CUST-01495,0.19815950990377423,5749.8083240692,0,0,Standard/Low Priority
CUST-01496,0.13106689020647214,7527.495318045822,0,0,Standard/Low Priority
CUST-01497,0.23239087858531046,3927.506140613653,2,0,Standard/Low Priority
CUST-01498,0.12507522359553935,6729.406680907891,0,0,Standard/Low Priority
CUST-01499,0.1761418852410419,3220.070120535137,2,0,Standard/Low Priority
CUST-01500,0.238324131140184,6186.794199863183,0,0,Standard/Low Priority
CUST-01501,0.18326010376439336,4810.1602881417,2,0,Standard/Low Priority
CUST-01502,0.1220539606077194,8255.588244172242,0,0,Standard/Low Priority
CUST-01503,0.1957009060180058,5885.463610063926,0,0,Standard/Low Priority
CUST-01504,0.1606178329272817,5493.678318826668,2,1,Standard/Low Priority
CUST-01505,0.21893748466147323,4721.183674616129,2,0,Standard/Low Priority
CUST-01506,0.15978602642656953,8535.87314441475,0,0,Standard/Low Priority
CUST-01507,0.20766116161435202,3526.0330427057866,2,1,Standard/Low Priority
CUST-01508,0.13911075732150935,3891.429162659495,2,0,Standard/Low Priority
CUST-01509,0.13559486154007527,6642.712452184035,0,0,Standard/Low Priority
CUST-01510,0.22048266638936898,5832.357607685923,0,0,Standard/Low Priority
CUST-01511,0.18221999724097437,5916.249451523539,0,0,Standard/Low Priority
CUST-01512,0.1327177069741084,4919.630862721606,2,0,Standard/Low Priority
CUST-01513,0.20595574699691738,3240.2173787677957,1,0,Standard/Low Priority
CUST-01514,0.2068926844847032,4158.694537688859,2,0,Standard/Low Priority
CUST-01515,0.19093827235398053,4916.316605530517,1,0,Standard/Low Priority
CUST-01516,0.1598990862315157,6350.403927989468,0,0,Standard/Low Priority
CUST-01517,0.11283765813307861,6251.306289030161,2,0,Standard/Low Priority
CUST-01518,0.11161654422915537,4972.715505736925,2,0,Standard/Low Priority
CUST-01519,0.11210826940735036,3617.0040408966156,2,0,Standard/Low Priority
CUST-01520,0.21023078343542223,5110.389907299132,0,1,Standard/Low Priority
CUST-01521,0.24120628233686683,7032.016469303033,0,0,Standard/Low Priority
CUST-01522,0.21560481386134442,3243.136170897637,2,0,Standard/Low Priority
CUST-01523,0.2036749518123372,4829.05902619687,2,0,Standard/Low Priority
CUST-01524,0.1870328711341115,4392.59298858113,2,0,Standard/Low Priority
CUST-01525,0.137354498175759,7204.018865036028,0,0,Standard/Low Priority
CUST-01526,0.173362233110511,5999.469490786094,0,0,Standard/Low Priority
CUST-01527,0.2273701025006868,6535.118131478516,0,0,Standard/Low Priority
CUST-01528,0.22561002720955023,4794.688197640815,1,0,Standard/Low Priority
CUST-01529,0.24019856750435095,6588.787798514213,0,0,Standard/Low Priority
CUST-01530,0.2637801214150789,5565.504606675399,1,0,Standard/Low Priority
CUST-01531,0.24274339008213824,5174.121275871145,0,0,Standard/Low Priority
CUST-01532,0.19154770956870926,6192.928995839711,0,0,Standard/Low Priority
CUST-01533,0.21129604570018606,4969.928349846447,1,0,Standard/Low Priority
CUST-01534,0.1581064818277648,4277.10224534811,2,0,Standard/Low Priority
CUST-01535,0.15817493036537233,8761.202636160571,0,0,Standard/Low Priority
CUST-01536,0.13497150028169014,4862.473407135591,2,0,Standard/Low Priority
CUST-01537,0.11594128651355236,4943.124231537371,2,0,Standard/Low Priority
CUST-01538,0.12918692206349225,5532.6089777632515,2,0,Standard/Low Priority
CUST-01539,0.21127965897402862,5153.992182469815,0,0,Standard/Low Priority
CUST-01540,0.11162357129951381,4576.725421766824,2,0,Standard/Low Priority
CUST-01541,0.18575136604042797,5298.359930302127,0,0,Standard/Low Priority
CUST-01542,0.1789343700819667,3104.889642350066,1,1,Standard/Low Priority
CUST-01543,0.19750733734387385,3500.7486941700054,1,0,Standard/Low Priority
CUST-01544,0.22533738966382258,4473.996081398738,2,0,Standard/Low Priority
CUST-01545,0.13083345184118036,5008.122772489361,2,0,Standard/Low Priority
CUST-01546,0.20234028048520944,3952.5360091887733,2,0,Standard/Low Priority
CUST-01547,0.14183697400250922,3437.9654215314977,2,0,Standard/Low Priority
CUST-01548,0.13279882878498503,5225.296245913264,1,0,Standard/Low Priority
CUST-01549,0.18755153937359065,3936.737637819335,2,0,Standard/Low Priority
CUST-01550,0.22722375514285686,5358.5783955375855,0,0,Standard/Low Priority
CUST-01551,0.16860653590257,4583.460612375334,2,0,Standard/Low Priority
CUST-01552,0.18573678566133295,5315.913625954801,0,0,Standard/Low Priority
CUST-01553,0.15522712008576917,6254.817602078035,1,0,Standard/Low Priority
CUST-01554,0.1286541995001863,6358.679747937934,0,0,Standard/Low Priority
CUST-01555,0.16306477299950617,7404.395677479059,0,0,Standard/Low Priority
CUST-01556,0.17522403567254485,3623.8436077083493,2,0,Standard/Low Priority
CUST-01557,0.12223500028038753,3273.9837212805714,2,0,Standard/Low Priority
CUST-01558,0.14041132748306484,5501.720286619313,1,0,Standard/Low Priority
CUST-01559,0.2535969531499075,6535.431241895697,1,0,Standard/Low Priority
CUST-01560,0.26019617389128896,5175.246502513275,1,0,Standard/Low Priority
CUST-01561,0.1888579030900298,4021.326550695584,1,0,Standard/Low Priority
CUST-01562,0.18475923151287055,5770.619859844978,0,0,Standard/Low Priority
CUST-01563,0.14057657951462488,8301.35901719305,0,0,Standard/Low Priority
CUST-01564,0.11182557069887211,5831.137009636085,1,0,Standard/Low Priority
CUST-01565,0.1986916178249313,4788.326417364763,1,0,Standard/Low Priority
CUST-01566,0.11930576284605116,7846.124268079267,0,0,Standard/Low Priority
CUST-01567,0.17254272357758174,3809.95813657826,2,0,Standard/Low Priority
CUST-01568,0.1830104801162049,3528.254170751274,2,0,Standard/Low Priority
CUST-01569,0.159198400691837,9080.733306887809,0,0,Standard/Low Priority
CUST-01570,0.14930140172657594,5915.488870488942,1,0,Standard/Low Priority
CUST-01571,0.15527936759390298,6422.881757676046,1,0,Standard/Low Priority
CUST-01572,0.20657623572271755,3089.087981951617,2,0,Standard/Low Priority
CUST-01573,0.1258955366078896,6085.573412154786,0,0,Standard/Low Priority
CUST-01574,0.11590023017073334,5790.720408969827,1,0,Standard/Low Priority
CUST-01575,0.13948555991132286,5518.295470266255,0,0,Standard/Low Priority
CUST-01576,0.2290113190459298,5234.620353584791,0,0,Standard/Low Priority
CUST-01577,0.20668362032764992,5022.821947942631,2,0,Standard/Low Priority
CUST-01578,0.1280482660044283,7291.843422268515,0,0,Standard/Low Priority
CUST-01579,0.13288099415408477,7032.329181594869,1,0,Standard/Low Priority
CUST-01580,0.13997985004459967,4663.026777783526,2,0,Standard/Low Priority
CUST-01581,0.21610490631568674,5604.030497711891,0,0,Standard/Low Priority
CUST-01582,0.12669035201969317,7937.850679179187,0,0,Standard/Low Priority
CUST-01583,0.17664372239869297,3834.2733724545697,2,0,Standard/Low Priority
CUST-01584,0.2909861682148489,6981.867581051055,0,0,Standard/Low Priority
CUST-01585,0.23566218284955232,4470.695040988504,2,0,Standard/Low Priority
CUST-01586,0.20845497031090626,4679.2986478488765,2,0,Standard/Low Priority
CUST-01587,0.13425212558192764,5638.155976545537,1,0,Standard/Low Priority
CUST-01588,0.21923298402839575,3452.0177903255867,2,0,Standard/Low Priority
CUST-01589,0.2255086299233552,3103.211312301524,2,0,Standard/Low Priority
CUST-01590,0.16012212257386857,6519.992194936437,1,0,Standard/Low Priority
CUST-01591,0.12127982234298917,2922.806306624343,2,0,Standard/Low Priority
CUST-01592,0.1730250145198955,3608.649409867941,2,0,Standard/Low Priority
CUST-01593,0.21503354517706635,4570.391972744861,1,0,Standard/Low Priority
CUST-01594,0.1460402859979772,5450.214604365445,2,0,Standard/Low Priority
CUST-01595,0.22391952445506097,4672.821121415632,2,0,Standard/Low Priority
CUST-01596,0.20479660063258862,5407.616622349413,1,0,Standard/Low Priority
CUST-01597,0.16378685199559356,4889.4951097329,2,0,Standard/Low Priority
CUST-01598,0.24379712507387136,5599.276374662445,1,0,Standard/Low Priority
CUST-01599,0.16166867952953642,5694.208493903407,2,0,Standard/Low Priority
CUST-01600,0.19030263358690774,4085.9673144551693,1,0,Standard/Low Priority
CUST-01601,0.17490287873316074,5700.2269344709175,0,0,Standard/Low Priority
CUST-01602,0.235679823007087,7665.086228466888,1,1,Standard/Low Priority
CUST-01603,0.18781068367009213,5874.8163323105555,1,0,Standard/Low Priority
CUST-01604,0.1713730096615592,4641.028628500306,2,0,Standard/Low Priority
CUST-01605,0.1564262027548575,7063.2142599616745,0,0,Standard/Low Priority
CUST-01606,0.21379460401482892,3420.835428543166,2,0,Standard/Low Priority
CUST-01607,0.2219289035444324,2899.0362249875193,2,1,Standard/Low Priority
CUST-01608,0.2118305722413321,2467.1132225118326,2,0,Standard/Low Priority
CUST-01609,0.13941353559521658,5055.817188547446,0,0,Standard/Low Priority
CUST-01610,0.1759216695737428,6019.725943416263,0,0,Standard/Low Priority
CUST-01611,0.12669316287631754,7756.1503715046965,0,0,Standard/Low Priority
CUST-01612,0.24674882322511282,8290.414857927512,0,1,Standard/Low Priority
CUST-01613,0.18019844289188108,4078.9582205090724,2,0,Standard/Low Priority
CUST-01614,0.12347533500596826,3807.657344154495,2,0,Standard/Low Priority
CUST-01615,0.27828101559813456,4751.235781544435,0,0,Standard/Low Priority
CUST-01616,0.15520106817943047,7000.253836139243,1,0,Standard/Low Priority
CUST-01617,0.1290804834208525,4890.262672137822,2,0,Standard/Low Priority
CUST-01618,0.2367218371095382,4038.418906281979,1,0,Standard/Low Priority
CUST-01619,0.1353147538267628,7380.056704626207,0,0,Standard/Low Priority
CUST-01620,0.16594750557343427,4277.557080988345,2,0,Standard/Low Priority
CUST-01621,0.2248848272622619,3591.416772458641,2,0,Standard/Low Priority
CUST-01622,0.13760562053273628,6208.927691684458,2,0,Standard/Low Priority
CUST-01623,0.15647479277132872,7166.656029160568,0,0,Standard/Low Priority
CUST-01624,0.22571186226426854,5607.62140120037,0,0,Standard/Low Priority
CUST-01625,0.1346712245928978,4652.161187504068,2,0,Standard/Low Priority
CUST-01626,0.13937433854396888,4321.980314935452,2,0,Standard/Low Priority
CUST-01627,0.19729527481650166,5605.812140976979,0,0,Standard/Low Priority
CUST-01628,0.1466377611954148,5163.480305380402,1,0,Standard/Low Priority
CUST-01629,0.12114888240051824,4893.186686069491,2,0,Standard/Low Priority
CUST-01630,0.12105457035840014,3299.6862572999603,2,0,Standard/Low Priority
CUST-01631,0.13004499953502957,6992.602287652929,2,0,Standard/Low Priority
CUST-01632,0.17840304855692274,6829.965609650966,0,0,Standard/Low Priority
CUST-01633,0.2145153149726974,5319.55910129176,0,0,Standard/Low Priority
CUST-01634,0.1949969546462606,5940.8180791462,0,0,Standard/Low Priority
CUST-01635,0.1848350418201488,5915.469041579996,0,0,Standard/Low Priority
CUST-01636,0.15641431549659,4967.929223973694,2,0,Standard/Low Priority
CUST-01637,0.1322435943347223,4471.766694690757,2,0,Standard/Low Priority
CUST-01638,0.2257044090675527,5398.536082557764,0,0,Standard/Low Priority
CUST-01639,0.14265498469663376,4367.661172483772,2,0,Standard/Low Priority
CUST-01640,0.20722545897941747,4872.513614027888,0,0,Standard/Low Priority
CUST-01641,0.19083247801901343,5735.501451035403,0,0,Standard/Low Priority
CUST-01642,0.11951027444503712,7649.768808908273,0,0,Standard/Low Priority
CUST-01643,0.1406132861756357,3283.909651364758,1,0,Standard/Low Priority
CUST-01644,0.2382722290240803,4670.095580429552,1,0,Standard/Low Priority
CUST-01645,0.1406010397223157,6973.476417113715,0,0,Standard/Low Priority
CUST-01646,0.18508161877937432,4672.812330019384,2,0,Standard/Low Priority
CUST-01647,0.1725519799782709,5347.642981926652,0,0,Standard/Low Priority
CUST-01648,0.15720294565706083,4223.311180421288,2,0,Standard/Low Priority
CUST-01649,0.11053160612726436,5364.322633594285,1,0,Standard/Low Priority
CUST-01650,0.21829881240628934,4239.630146434436,2,0,Standard/Low Priority
CUST-01651,0.14743976399531042,7808.363915848138,1,0,Standard/Low Priority
CUST-01652,0.20860365687137086,3699.336008257046,2,0,Standard/Low Priority
CUST-01653,0.1898428621179209,3658.131775446787,2,0,Standard/Low Priority
CUST-01654,0.14120753610776604,3995.672280019128,2,1,Standard/Low Priority
CUST-01655,0.24151767174906855,4516.190888699191,0,0,Standard/Low Priority
CUST-01656,0.23097893434388425,5826.681023252582,0,0,Standard/Low Priority
CUST-01657,0.17283911689713619,3745.509736484808,1,0,Standard/Low Priority
CUST-01658,0.21088895989121412,6569.977027399044,0,0,Standard/Low Priority
CUST-01659,0.21771692773277973,4899.036778111972,1,0,Standard/Low Priority
CUST-01660,0.16414559275737792,5267.781965273884,0,0,Standard/Low Priority
CUST-01661,0.13766128335280037,3431.287270271882,2,0,Standard/Low Priority
CUST-01662,0.16441382219263542,5467.576782565395,0,0,Standard/Low Priority
CUST-01663,0.18448935315721982,5376.544899695272,0,0,Standard/Low Priority
CUST-01664,0.1396461183860977,4898.603357780504,1,0,Standard/Low Priority
CUST-01665,0.2345419961973962,5302.145898185604,0,0,Standard/Low Priority
CUST-01666,0.12362058453050642,5539.847335587716,0,0,Standard/Low Priority
CUST-01667,0.18445163662420774,8294.266871112799,0,0,Standard/Low Priority
CUST-01668,0.20278986750998107,3233.4477270902653,2,0,Standard/Low Priority
CUST-01669,0.19810275337117558,4985.9530982198685,1,0,Standard/Low Priority
CUST-01670,0.17157211895817398,5418.4040757827315,0,0,Standard/Low Priority
CUST-01671,0.16657007734929347,4140.025706318161,2,0,Standard/Low Priority
CUST-01672,0.2147873194490679,4650.5464483073265,2,0,Standard/Low Priority
CUST-01673,0.1542462093110959,5506.0460044632455,0,0,Standard/Low Priority
CUST-01674,0.1403612965770039,6636.305675727307,1,0,Standard/Low Priority
CUST-01675,0.20358922794714882,3048.0684746864454,2,0,Standard/Low Priority
CUST-01676,0.1320587518217766,4693.493843747733,1,0,Standard/Low Priority
CUST-01677,0.2510398350142933,3745.655351570315,2,0,Standard/Low Priority
CUST-01678,0.1567347497296341,6187.512279909243,2,0,Standard/Low Priority
CUST-01679,0.14184895755612112,3738.8246619417387,2,0,Standard/Low Priority
CUST-01680,0.24232021985000532,3368.524926533553,1,0,Standard/Low Priority
CUST-01681,0.20115877138911728,4791.571781285396,0,0,Standard/Low Priority
CUST-01682,0.19154770956870926,6629.46322343709,0,0,Standard/Low Priority
CUST-01683,0.17412668138048545,8848.847033289263,0,0,Standard/Low Priority
CUST-01684,0.18150723592111218,4969.928349846447,1,0,Standard/Low Priority
CUST-01685,0.18749730053983987,8129.908335311618,0,0,Standard/Low Priority
CUST-01686,0.20057433362122631,2954.9759569597895,2,0,Standard/Low Priority
CUST-01687,0.18602219792530633,3641.7179773685916,2,0,Standard/Low Priority
CUST-01688,0.15862189379302202,4780.938726023711,2,0,Standard/Low Priority
CUST-01689,0.2804302471675996,5354.458329710235,0,0,Standard/Low Priority
CUST-01690,0.2175391921086473,5227.08045817516,2,0,Standard/Low Priority
CUST-01691,0.1534492200322306,8267.32773389606,0,0,Standard/Low Priority
CUST-01692,0.24390533377095033,4429.072459129557,2,0,Standard/Low Priority
CUST-01693,0.11900057499505425,5646.023853407973,1,0,Standard/Low Priority
CUST-01694,0.14513248514146976,8226.9933910774,0,0,Standard/Low Priority
CUST-01695,0.180839324804879,3704.956807110756,2,0,Standard/Low Priority
CUST-01696,0.20874915320712933,4094.1369289377285,2,0,Standard/Low Priority
CUST-01697,0.21251185631095176,6030.877755246941,0,0,Standard/Low Priority
CUST-01698,0.15269074825245257,7349.783336412235,0,0,Standard/Low Priority
CUST-01699,0.13731114830178645,7152.132109734289,0,0,Standard/Low Priority
CUST-01700,0.1162919881692506,4995.758103409465,2,0,Standard/Low Priority
CUST-01701,0.13113076736321477,7690.6680062953155,0,0,Standard/Low Priority
CUST-01702,0.1639713540880473,5858.035877332318,0,0,Standard/Low Priority
CUST-01703,0.2135017239586494,6010.662124567376,0,0,Standard/Low Priority
CUST-01704,0.2467249099605756,6965.254957499181,0,0,Standard/Low Priority
CUST-01705,0.14985679175095823,5382.739128768502,2,0,Standard/Low Priority
CUST-01706,0.17877056494977456,5514.902559057388,0,0,Standard/Low Priority
CUST-01707,0.20497482276396184,5461.506487649635,0,0,Standard/Low Priority
CUST-01708,0.17283911689713619,4650.529385384023,1,0,Standard/Low Priority
CUST-01709,0.19656816223633594,3066.588719625504,2,0,Standard/Low Priority
CUST-01710,0.17125007031324596,4934.168017443426,2,0,Standard/Low Priority
CUST-01711,0.24827093082756937,3813.721146964255,2,0,Standard/Low Priority
CUST-01712,0.15286079339301342,8321.71943369942,0,0,Standard/Low Priority
CUST-01713,0.17054411640251968,6486.37952625098,0,0,Standard/Low Priority
CUST-01714,0.15713023159456926,4047.6970873245673,2,0,Standard/Low Priority
CUST-01715,0.13705702820564,3688.9759418053895,2,0,Standard/Low Priority
CUST-01716,0.20345931935967138,6579.446596616883,0,0,Standard/Low Priority
CUST-01717,0.13547450931559735,5789.407588761046,1,0,Standard/Low Priority
CUST-01718,0.18223801615904583,4449.050363670556,2,0,Standard/Low Priority
CUST-01719,0.1416000291853207,4523.215841128355,2,0,Standard/Low Priority
CUST-01720,0.18428234083931452,2572.3046763144616,2,0,Standard/Low Priority
CUST-01721,0.20424999280379771,4825.329275897128,2,0,Standard/Low Priority
CUST-01722,0.11962853784547539,5073.67111351,2,0,Standard/Low Priority
CUST-01723,0.11467773629363924,5185.592579569369,1,0,Standard/Low Priority
CUST-01724,0.11833088454665118,5673.684231673602,1,0,Standard/Low Priority
CUST-01725,0.18826101507389675,6500.026178215568,0,0,Standard/Low Priority
CUST-01726,0.171090098427301,4512.593446936013,2,0,Standard/Low Priority
CUST-01727,0.21328918475850933,4469.281262522128,1,0,Standard/Low Priority
CUST-01728,0.16816104556014835,4928.852674969196,0,0,Standard/Low Priority
CUST-01729,0.24073338907328057,5615.255243160796,0,0,Standard/Low Priority
CUST-01730,0.17382484332797132,3736.9470683959603,2,0,Standard/Low Priority
CUST-01731,0.21570917581451823,5914.412977652984,1,0,Standard/Low Priority
CUST-01732,0.2375746918849228,5737.167494211653,1,0,Standard/Low Priority
CUST-01733,0.18030599520866455,4471.253404610814,2,0,Standard/Low Priority
CUST-01734,0.1543011700802495,3943.7409484436203,2,0,Standard/Low Priority
CUST-01735,0.1461842959100688,3782.153264435058,2,0,Standard/Low Priority
CUST-01736,0.1362641445671483,8292.544748057859,0,0,Standard/Low Priority
CUST-01737,0.11691164365257077,4476.419738962843,2,0,Standard/Low Priority
CUST-01738,0.23201600369635345,2415.1685904912283,2,1,Standard/Low Priority
CUST-01739,0.15652649526333048,7270.973793963169,0,0,Standard/Low Priority
CUST-01740,0.11625005566501527,5683.774536984756,2,0,Standard/Low Priority
CUST-01741,0.19182782702840306,5378.510986026387,0,0,Standard/Low Priority
CUST-01742,0.22852559298445724,5253.0440479933195,1,0,Standard/Low Priority
CUST-01743,0.13151683316422144,9048.172699546958,0,0,Standard/Low Priority
CUST-01744,0.13673708743677293,4533.207556383135,2,0,Standard/Low Priority
CUST-01745,0.13709351764863612,4332.531072756047,2,0,Standard/Low Priority
CUST-01746,0.15396473940044175,5250.211564821632,1,0,Standard/Low Priority
CUST-01747,0.12619021313257678,7649.976809011911,0,0,Standard/Low Priority
CUST-01748,0.13504690161748836,7700.2203929439365,0,0,Standard/Low Priority
CUST-01749,0.10899482784219129,3511.9139885010027,2,0,Standard/Low Priority
CUST-01750,0.17365396211385659,6946.893573456831,0,0,Standard/Low Priority
CUST-01751,0.14770333616380366,9369.315409498786,0,0,Standard/Low Priority
CUST-01752,0.24383364589694165,4816.05286673393,1,0,Standard/Low Priority
CUST-01753,0.14044812206287374,5077.150823846382,2,0,Standard/Low Priority
CUST-01754,0.2156023000251248,4135.083839999079,1,0,Standard/Low Priority
CUST-01755,0.1893608145174274,3058.2686833472644,2,0,Standard/Low Priority
CUST-01756,0.293169083855572,4590.659343231591,0,1,Standard/Low Priority
CUST-01757,0.23364092897816163,5135.519590959166,1,1,Standard/Low Priority
CUST-01758,0.22981878230609992,4303.931647378407,2,0,Standard/Low Priority
CUST-01759,0.21878356710074912,2437.8035521199636,2,0,Standard/Low Priority
CUST-01760,0.23093127222322216,5151.3813377448105,0,0,Standard/Low Priority
CUST-01761,0.13529569412500578,7754.384089255191,0,0,Standard/Low Priority
CUST-01762,0.16482959413512627,7336.929878733014,1,0,Standard/Low Priority
CUST-01763,0.15539566227332047,3546.154434772628,2,0,Standard/Low Priority
CUST-01764,0.18981841414320436,4442.602592069977,1,0,Standard/Low Priority
CUST-01765,0.2620246385248799,4527.6427149110405,0,0,Standard/Low Priority
CUST-01766,0.12890743026661566,7236.253358229962,0,0,Standard/Low Priority
CUST-01767,0.2388210118815761,4834.184339864773,0,0,Standard/Low Priority
CUST-01768,0.14506536296127664,6077.010875861087,2,0,Standard/Low Priority
CUST-01769,0.16146647216425045,7706.808449433759,0,0,Standard/Low Priority
CUST-01770,0.3136227873203472,5888.227597961436,1,0,Standard/Low Priority
CUST-01771,0.22285296207275013,4832.337770934082,1,0,Standard/Low Priority
CUST-01772,0.19690443620150597,4537.034715604809,2,0,Standard/Low Priority
CUST-01773,0.1818106154063841,4853.231433421237,2,0,Standard/Low Priority
CUST-01774,0.20087055371877738,2888.239761182944,2,0,Standard/Low Priority
CUST-01775,0.1688927485422707,7525.292771867987,0,0,Standard/Low Priority
CUST-01776,0.15059173956246621,3568.1255437318964,1,1,Standard/Low Priority
CUST-01777,0.17872909860964475,2900.848051178555,2,0,Standard/Low Priority
CUST-01778,0.2322050550194051,6355.14169261483,0,0,Standard/Low Priority
CUST-01779,0.20375529357031627,4514.978780555112,2,0,Standard/Low Priority
CUST-01780,0.18754083592699686,4255.569634399836,2,0,Standard/Low Priority
CUST-01781,0.12495836303908728,6400.233401123999,1,0,Standard/Low Priority
CUST-01782,0.1349770407179946,5847.890159371183,0,0,Standard/Low Priority
CUST-01783,0.1450977648354055,5588.596857069637,2,0,Standard/Low Priority
CUST-01784,0.1841990241728147,3829.3288552928902,2,0,Standard/Low Priority
CUST-01785,0.1855781711173062,6560.998375205541,0,0,Standard/Low Priority
CUST-01786,0.14508505863111354,5959.127029294858,2,0,Standard/Low Priority
CUST-01787,0.12924183700526273,3556.18074353772,2,0,Standard/Low Priority
CUST-01788,0.13788238632877423,7693.436196377033,1,0,Standard/Low Priority
CUST-01789,0.19364773913770456,5618.024397898818,0,0,Standard/Low Priority
CUST-01790,0.15313197053826463,4788.746157508263,2,0,Standard/Low Priority
CUST-01791,0.19085695191623434,4637.857144693917,2,0,Standard/Low Priority
CUST-01792,0.22773990211058248,3529.9753974266423,2,0,Standard/Low Priority
CUST-01793,0.1291004965286653,5442.682112948489,1,0,Standard/Low Priority
CUST-01794,0.1827715680813118,4848.770384822381,1,0,Standard/Low Priority
CUST-01795,0.12682869151340329,3380.4982872425794,2,0,Standard/Low Priority
CUST-01796,0.21316217283133965,5000.347580602994,0,0,Standard/Low Priority
CUST-01797,0.20608668082417425,6539.28070317848,0,0,Standard/Low Priority
CUST-01798,0.27062802155083376,5647.166238211537,1,0,Standard/Low Priority
CUST-01799,0.1347832385803066,8155.790881211254,0,0,Standard/Low Priority
CUST-01800,0.1750242189863939,6285.127708838098,0,1,Standard/Low Priority
CUST-01801,0.2166272362004099,4256.3478829617925,1,0,Standard/Low Priority
CUST-01802,0.2192064601424354,4927.296067192929,1,0,Standard/Low Priority
CUST-01803,0.21730448886066497,5008.830933352722,2,0,Standard/Low Priority
CUST-01804,0.19889749987599992,6029.956083082037,0,0,Standard/Low Priority
CUST-01805,0.13963625000222726,6876.252544926972,0,0,Standard/Low Priority
CUST-01806,0.1916484569948137,5254.312659256237,0,0,Standard/Low Priority
CUST-01807,0.19627428989367196,3543.482002575711,2,0,Standard/Low Priority
CUST-01808,0.21216891655066797,5203.463162149557,1,0,Standard/Low Priority
CUST-01809,0.18210599329004715,4598.2124340694145,2,1,Standard/Low Priority
CUST-01810,0.12008821533616089,5257.095389935848,2,0,Standard/Low Priority
CUST-01811,0.1190090598304982,6793.119363581566,1,0,Standard/Low Priority
CUST-01812,0.11741245745671655,5391.562294218301,2,0,Standard/Low Priority
CUST-01813,0.14758892106609273,6143.071878501718,2,0,Standard/Low Priority
CUST-01814,0.26572849783207775,5698.6434881893265,1,0,Standard/Low Priority
CUST-01815,0.12380779871437192,6487.685614761978,0,0,Standard/Low Priority
CUST-01816,0.12492665651569089,4899.246410462446,1,0,Standard/Low Priority
CUST-01817,0.21313398941912415,3832.776543913955,1,0,Standard/Low Priority
CUST-01818,0.1334551923027168,4623.305740956054,2,0,Standard/Low Priority
CUST-01819,0.12224398529732708,6509.4480052084655,0,0,Standard/Low Priority
CUST-01820,0.15723476686366003,2854.5163166459456,2,0,Standard/Low Priority
CUST-01821,0.20102203114505154,3715.298185659695,2,0,Standard/Low Priority
CUST-01822,0.19321687989247116,3352.2915590054836,2,0,Standard/Low Priority
CUST-01823,0.13803903658009192,6296.984685481422,2,0,Standard/Low Priority
CUST-01824,0.1903606847975191,3873.461659162582,2,0,Standard/Low Priority
CUST-01825,0.17428667803310738,4886.899761006294,0,0,Standard/Low Priority
CUST-01826,0.20231786555276984,4956.9031236571855,2,0,Standard/Low Priority
CUST-01827,0.19589558546805352,3861.1599129525875,2,0,Standard/Low Priority
CUST-01828,0.14641811080380873,7115.503268932257,2,0,Standard/Low Priority
CUST-01829,0.21809453266716197,4772.936448012408,2,0,Standard/Low Priority
CUST-01830,0.1506743579774043,4260.423008372804,1,0,Standard/Low Priority
CUST-01831,0.17811389209163553,4954.06260766429,0,0,Standard/Low Priority
CUST-01832,0.18645203587884865,5242.327197928536,1,0,Standard/Low Priority
CUST-01833,0.19671205739792996,4739.205843629622,0,0,Standard/Low Priority
CUST-01834,0.17533249257279873,4760.734036640304,1,0,Standard/Low Priority
CUST-01835,0.15089939431823987,6143.799273547135,0,0,Standard/Low Priority
CUST-01836,0.20940295055507746,3642.319482878437,2,0,Standard/Low Priority
CUST-01837,0.21256167437466103,5378.656479427234,0,0,Standard/Low Priority
CUST-01838,0.15229956283536367,5619.362611077266,2,0,Standard/Low Priority
CUST-01839,0.15083599585723367,4028.9662959701996,2,0,Standard/Low Priority
CUST-01840,0.18733299471254428,4660.07276333892,0,0,Standard/Low Priority
CUST-01841,0.11678303351799656,5429.541254150298,2,0,Standard/Low Priority
CUST-01842,0.18249982725985006,3752.8586128685247,2,0,Standard/Low Priority
CUST-01843,0.14870564444126816,9090.634251154743,0,0,Standard/Low Priority
CUST-01844,0.1334236819976484,7898.1463246297835,1,0,Standard/Low Priority
CUST-01845,0.21167028450073921,6711.552457081277,0,0,Standard/Low Priority
CUST-01846,0.20602348312472138,3424.0661949427013,2,0,Standard/Low Priority
CUST-01847,0.22933231029508797,3808.565922328807,2,1,Standard/Low Priority
CUST-01848,0.15537841190199628,5657.570855153566,1,0,Standard/Low Priority
CUST-01849,0.17279183062941808,5812.1758886180005,0,0,Standard/Low Priority
CUST-01850,0.1392925486993487,6936.054488817559,1,0,Standard/Low Priority
CUST-01851,0.1609124666640424,3409.2772816085244,2,0,Standard/Low Priority
CUST-01852,0.22208070991949802,4791.199614620713,0,0,Standard/Low Priority
CUST-01853,0.2001030028280071,7115.69823946427,0,0,Standard/Low Priority
CUST-01854,0.22585501116608475,5761.176075858543,0,0,Standard/Low Priority
CUST-01855,0.20708699417938362,4964.6913021812,0,0,Standard/Low Priority
CUST-01856,0.14374345080418338,3116.63050199216,2,0,Standard/Low Priority
CUST-01857,0.13941802811879608,6004.12056261801,1,0,Standard/Low Priority
CUST-01858,0.25728505329928364,6044.340970664785,0,0,Standard/Low Priority
CUST-01859,0.1238748435664826,4286.065051420239,2,0,Standard/Low Priority
CUST-01860,0.18847356236990953,3627.0854723773095,2,0,Standard/Low Priority
CUST-01861,0.12817440421114534,7328.990289926391,0,0,Standard/Low Priority
CUST-01862,0.21201478152400507,5559.133737918098,0,0,Standard/Low Priority
CUST-01863,0.12107877877128004,3481.764139490585,2,0,Standard/Low Priority
CUST-01864,0.21422222707525496,3990.6650762987365,2,0,Standard/Low Priority
CUST-01865,0.16835012443830233,4290.066615334854,2,0,Standard/Low Priority
CUST-01866,0.11602232390538474,4917.188591998346,2,0,Standard/Low Priority
CUST-01867,0.17711429819592836,4376.403987105827,2,0,Standard/Low Priority
CUST-01868,0.19455888310428904,5043.921848996919,1,0,Standard/Low Priority
CUST-01869,0.20190715568904288,3134.294221412514,2,0,Standard/Low Priority
CUST-01870,0.12914715820806588,4397.777415443007,2,0,Standard/Low Priority
CUST-01871,0.23959987906771674,2346.169770410906,2,0,Standard/Low Priority
CUST-01872,0.19418750324130907,5986.2602415352,0,0,Standard/Low Priority
CUST-01873,0.13530715093433937,8636.423734312679,1,0,Standard/Low Priority
CUST-01874,0.1155205226385393,4495.795350308287,2,0,Standard/Low Priority
CUST-01875,0.2250442129451959,6727.6255560154395,0,0,Standard/Low Priority
CUST-01876,0.14633440209393717,4429.184582073293,2,0,Standard/Low Priority
CUST-01877,0.1738827960260517,4399.221489625433,1,0,Standard/Low Priority
CUST-01878,0.17670133478776814,3417.9535641972193,2,0,Standard/Low Priority
CUST-01879,0.21261206533896262,4733.107126001397,2,0,Standard/Low Priority
CUST-01880,0.11084908722503067,7703.70095717512,0,1,Standard/Low Priority
CUST-01881,0.12770770522623606,3530.9282577597446,2,0,Standard/Low Priority
CUST-01882,0.294193144105747,7052.390739257379,0,0,Standard/Low Priority
CUST-01883,0.22805636314911404,4728.161741198033,0,0,Standard/Low Priority
CUST-01884,0.21769260409216176,3105.49317075851,2,0,Standard/Low Priority
CUST-01885,0.19352965118719617,5608.1826504571145,0,0,Standard/Low Priority
CUST-01886,0.2464831530329387,5517.297133570597,0,0,Standard/Low Priority
CUST-01887,0.13034477040144274,8430.10222656609,0,0,Standard/Low Priority
CUST-01888,0.20893282711289218,2847.614213517782,2,0,Standard/Low Priority
CUST-01889,0.1363078698508903,8282.63097924771,0,0,Standard/Low Priority
CUST-01890,0.1817537996507593,3881.2953369327283,2,0,Standard/Low Priority
CUST-01891,0.2001992679964244,6127.16253515754,0,0,Standard/Low Priority
CUST-01892,0.28545658315934225,7062.373657157891,0,0,Standard/Low Priority
CUST-01893,0.12690622865438234,8340.490821086154,0,0,Standard/Low Priority
CUST-01894,0.1975210842258712,5505.638949217818,1,0,Standard/Low Priority
CUST-01895,0.1920616847994443,5101.133664206065,1,0,Standard/Low Priority
CUST-01896,0.18638975946359396,4983.917965108345,1,0,Standard/Low Priority
CUST-01897,0.13898760111900438,3439.097219298977,2,0,Standard/Low Priority
CUST-01898,0.14606420076893809,5168.896657709889,2,0,Standard/Low Priority
CUST-01899,0.17512623923669682,5976.923707059093,0,0,Standard/Low Priority
CUST-01900,0.17479126426341107,6058.953313912579,1,0,Standard/Low Priority
CUST-01901,0.20131583130750436,3333.9645063448156,2,0,Standard/Low Priority
CUST-01902,0.26565553031019096,6147.353214495283,0,0,Standard/Low Priority
CUST-01903,0.14279913279001652,8623.734430699269,1,1,Standard/Low Priority
CUST-01904,0.20903317024761212,7178.437011369772,0,0,Standard/Low Priority
CUST-01905,0.12506255194379182,5709.792804718917,2,0,Standard/Low Priority
CUST-01906,0.1317022309790421,6851.261616404285,0,0,Standard/Low Priority
CUST-01907,0.1283644598172011,6855.738419544181,1,0,Standard/Low Priority
CUST-01908,0.19184201268387305,3393.04137715738,2,0,Standard/Low Priority
CUST-01909,0.13927191344704087,3531.2240356225643,1,0,Standard/Low Priority
CUST-01910,0.17222833906293558,6787.871970685252,0,0,Standard/Low Priority
CUST-01911,0.2212141499225891,5998.308806042654,0,0,Standard/Low Priority
CUST-01912,0.16967034527026534,8220.446791370146,0,0,Standard/Low Priority
CUST-01913,0.16223952013165127,3205.043453837376,2,0,Standard/Low Priority
CUST-01914,0.21189290844753167,4860.574827193424,2,0,Standard/Low Priority
CUST-01915,0.18029158816217056,6060.258208169927,0,0,Standard/Low Priority
CUST-01916,0.18191404985396548,4003.1563319778347,2,0,Standard/Low Priority
CUST-01917,0.1546810198372719,3997.553727663291,2,0,Standard/Low Priority
CUST-01918,0.1546027407163825,6244.241076578893,0,0,Standard/Low Priority
CUST-01919,0.14742606574063485,7142.828528540874,0,0,Standard/Low Priority
CUST-01920,0.20804357226769782,5334.334004170083,0,0,Standard/Low Priority
CUST-01921,0.2123545934616628,5664.143242445654,0,0,Standard/Low Priority
CUST-01922,0.20121283234010684,5743.84260027954,0,0,Standard/Low Priority
CUST-01923,0.17140666788411724,4873.327646181595,0,0,Standard/Low Priority
CUST-01924,0.15400222717118786,6360.3475682697,0,1,Standard/Low Priority
CUST-01925,0.13807633974805789,5252.937594387718,2,0,Standard/Low Priority
CUST-01926,0.13554067286243102,7053.561983150626,0,0,Standard/Low Priority
CUST-01927,0.11473720075368288,6344.681946033408,0,0,Standard/Low Priority
CUST-01928,0.20988591914467228,5521.677758055124,0,0,Standard/Low Priority
CUST-01929,0.1525190684548493,6422.743463951818,0,0,Standard/Low Priority
CUST-01930,0.13781986578458816,4335.455922442408,2,0,Standard/Low Priority
CUST-01931,0.14000147713152902,7802.3527508912375,1,0,Standard/Low Priority
CUST-01932,0.21399402185918753,3954.558705203732,2,0,Standard/Low Priority
CUST-01933,0.14747996503207603,5578.065643140133,2,0,Standard/Low Priority
CUST-01934,0.22550855082126323,2375.0836037040413,2,0,Standard/Low Priority
CUST-01935,0.11247797354778326,7159.458822610791,0,0,Standard/Low Priority
CUST-01936,0.12136407575573234,6935.899678117708,0,0,Standard/Low Priority
CUST-01937,0.13383589473611857,6023.162586617407,2,0,Standard/Low Priority
CUST-01938,0.21459313312984743,5938.114678457544,1,1,Standard/Low Priority
CUST-01939,0.2220377197395102,6776.812793269152,0,0,Standard/Low Priority
CUST-01940,0.1517629480395116,7912.933584201929,0,0,Standard/Low Priority
CUST-01941,0.11111208861789722,5696.5414100935395,2,0,Standard/Low Priority
CUST-01942,0.13827441013507621,7776.0362182380895,0,0,Standard/Low Priority
CUST-01943,0.2182589367415514,6592.37990101931,0,0,Standard/Low Priority
CUST-01944,0.17186663972984328,6151.200110481199,0,0,Standard/Low Priority
CUST-01945,0.14241408695265675,6264.329490392947,0,0,Standard/Low Priority
CUST-01946,0.19816503627071416,5647.626524596744,1,0,Standard/Low Priority
CUST-01947,0.16724923101407657,3797.0643309061866,2,0,Standard/Low Priority
CUST-01948,0.1562509878040728,7091.1666363353725,0,0,Standard/Low Priority
CUST-01949,0.20084324341193419,3150.8626713724916,1,1,Standard/Low Priority
CUST-01950,0.11180731190846525,5612.381475598794,0,0,Standard/Low Priority
CUST-01951,0.1421099874897641,4902.384596468679,2,0,Standard/Low Priority
CUST-01952,0.18504699710614475,5122.803626190149,0,0,Standard/Low Priority
CUST-01953,0.19909709567727496,5134.087363404729,0,0,Standard/Low Priority
CUST-01954,0.1567693667039491,6361.5435821170595,1,0,Standard/Low Priority
CUST-01955,0.1391274160669928,5249.495938143201,2,0,Standard/Low Priority
CUST-01956,0.12040270106326184,4289.359837337799,2,0,Standard/Low Priority
CUST-01957,0.16927743275084126,7288.99799725988,1,0,Standard/Low Priority
CUST-01958,0.11397005389929633,5411.521566906047,2,0,Standard/Low Priority
CUST-01959,0.159275270237392,8982.98641725651,0,0,Standard/Low Priority
CUST-01960,0.12507397863573522,5672.354205364888,0,0,Standard/Low Priority
CUST-01961,0.2143437706404868,4755.577555433734,0,0,Standard/Low Priority
CUST-01962,0.191104529257438,5660.942593231469,1,0,Standard/Low Priority
CUST-01963,0.220240780527999,5522.730945155719,0,0,Standard/Low Priority
CUST-01964,0.1289407475687239,5267.068216696265,1,0,Standard/Low Priority
CUST-01965,0.16785018405771013,3657.5654161089365,2,0,Standard/Low Priority
CUST-01966,0.14927141105441424,7172.506141363014,0,0,Standard/Low Priority
CUST-01967,0.13116431426991526,7006.2197886339,0,0,Standard/Low Priority
CUST-01968,0.1657657762264068,4840.199978323864,2,0,Standard/Low Priority
CUST-01969,0.17890742953188535,3588.9284721755084,2,0,Standard/Low Priority
CUST-01970,0.1410445823835996,3871.0787793412937,2,0,Standard/Low Priority
CUST-01971,0.16720540686079513,2724.3207643334777,2,0,Standard/Low Priority
CUST-01972,0.13007335031097889,6655.482287808839,0,0,Standard/Low Priority
CUST-01973,0.25744648084666194,6010.405101605808,0,0,Standard/Low Priority
CUST-01974,0.20683565899469752,4473.639492362195,1,0,Standard/Low Priority
CUST-01975,0.13457625500018597,8326.36436494157,0,0,Standard/Low Priority
CUST-01976,0.23105449436704223,4856.739328748797,0,0,Standard/Low Priority
CUST-01977,0.1989493178474754,3645.5609220980346,1,0,Standard/Low Priority
CUST-01978,0.18686936222012548,5578.112165146368,1,0,Standard/Low Priority
CUST-01979,0.19579014855598786,4209.86393177271,2,0,Standard/Low Priority
CUST-01980,0.15120502821231607,7769.291709907699,0,0,Standard/Low Priority
CUST-01981,0.17946104751272368,4650.438886473462,0,0,Standard/Low Priority
CUST-01982,0.21068447696083395,4109.125118518522,1,0,Standard/Low Priority
CUST-01983,0.19369033655738072,4121.72813405176,2,0,Standard/Low Priority
CUST-01984,0.19578761446637694,3052.250097687271,2,0,Standard/Low Priority
CUST-01985,0.176420398319819,5734.962035070301,1,0,Standard/Low Priority
CUST-01986,0.13070305533013868,8506.041022741218,0,0,Standard/Low Priority
CUST-01987,0.23779716595496164,4787.382313298023,0,0,Standard/Low Priority
CUST-01988,0.11471447557288174,6339.45910037244,0,0,Standard/Low Priority
CUST-01989,0.22460607066630206,5747.973708256331,0,0,Standard/Low Priority
CUST-01990,0.2594330765441941,5784.414705911068,0,0,Standard/Low Priority
CUST-01991,0.2428670759928632,5816.009631031625,0,0,Standard/Low Priority
CUST-01992,0.12044822717694018,7084.84272469152,0,1,Standard/Low Priority
CUST-01993,0.1524779121817626,6812.266689043896,0,0,Standard/Low Priority
CUST-01994,0.20759829871658694,4678.942915422491,2,0,Standard/Low Priority
CUST-01995,0.15575645105207062,7060.153558965859,0,1,Standard/Low Priority
CUST-01996,0.18019033641648285,3420.4201666152835,2,0,Standard/Low Priority
CUST-01997,0.13148624044701693,4833.806485253651,2,0,Standard/Low Priority
CUST-01998,0.11517175209896002,6227.949493303363,0,0,Standard/Low Priority
CUST-01999,0.17865935402713495,5986.3283739054905,1,0,Standard/Low Priority
CUST-02000,0.1808027087894584,4771.179833974763,0,0,Standard/Low Priority
CUST-02001,0.17423518059283527,3656.506898213308,2,0,Standard/Low Priority
CUST-02002,0.17558506974177912,7230.451186755878,0,0,Standard/Low Priority
CUST-02003,0.1950574330691321,6860.659403005141,0,0,Standard/Low Priority
CUST-02004,0.11978790322470642,6362.900881792097,1,0,Standard/Low Priority
CUST-02005,0.23229666589334147,5784.414705911068,0,0,Standard/Low Priority
CUST-02006,0.15030215061866,7076.559189550404,0,0,Standard/Low Priority
CUST-02007,0.1679304959828685,3843.309032510596,2,0,Standard/Low Priority
CUST-02008,0.10678384420746263,4965.4117358365165,2,0,Standard/Low Priority
CUST-02009,0.2210608523482115,5833.171624153415,0,0,Standard/Low Priority
CUST-02010,0.21546445641484965,5589.029754885769,0,0,Standard/Low Priority
CUST-02011,0.24087919123699014,4119.6020481533105,2,0,Standard/Low Priority
CUST-02012,0.12541054551034336,6259.631470728763,1,0,Standard/Low Priority
CUST-02013,0.1681960349358668,6107.313664532294,0,0,Standard/Low Priority
CUST-02014,0.12627759175553113,5662.107631491535,1,0,Standard/Low Priority
CUST-02015,0.13376169377888797,7254.831272884102,0,0,Standard/Low Priority
CUST-02016,0.21579689269602256,5573.096348118766,2,0,Standard/Low Priority
CUST-02017,0.18322370290839946,7095.872112914759,0,0,Standard/Low Priority
CUST-02018,0.17115460620949283,4965.782191757689,2,0,Standard/Low Priority
CUST-02019,0.19965678295201417,3757.965740818338,2,0,Standard/Low Priority
CUST-02020,0.17600362705951728,5400.872098072237,0,0,Standard/Low Priority
CUST-02021,0.12418803427112937,8457.766366893742,0,0,Standard/Low Priority
CUST-02022,0.1708188341246537,4867.838004596394,2,0,Standard/Low Priority
CUST-02023,0.22382165466883427,3801.1108015853206,2,0,Standard/Low Priority
CUST-02024,0.14024500400109818,7724.834975883411,0,0,Standard/Low Priority
CUST-02025,0.22670932493710264,4131.404514500997,2,0,Standard/Low Priority
CUST-02026,0.1914864376283417,7581.044597332893,0,0,Standard/Low Priority
CUST-02027,0.12079223545769273,4100.645784581583,2,0,Standard/Low Priority
CUST-02028,0.19292804393183174,5268.521211271673,0,0,Standard/Low Priority
CUST-02029,0.18240626586339423,4636.767508676036,2,0,Standard/Low Priority
CUST-02030,0.12860334826942846,6087.593843954015,0,0,Standard/Low Priority
CUST-02031,0.13727810114258193,5150.514214625279,2,0,Standard/Low Priority
CUST-02032,0.17854311781494325,7686.853665846082,0,0,Standard/Low Priority
CUST-02033,0.20827505625021467,6272.995641195382,1,1,Standard/Low Priority
CUST-02034,0.1899540561703504,7768.576280439172,1,0,Standard/Low Priority
CUST-02035,0.21711362595539227,6096.818632442415,0,0,Standard/Low Priority
CUST-02036,0.13636086763594396,3527.472015874728,2,0,Standard/Low Priority
CUST-02037,0.14620700496871122,5619.403693018501,1,0,Standard/Low Priority
CUST-02038,0.1451176847398399,6161.477801777988,1,0,Standard/Low Priority
CUST-02039,0.2624488783376129,4635.125867735821,0,0,Standard/Low Priority
CUST-02040,0.15192193228292777,7854.581010379833,1,0,Standard/Low Priority
CUST-02041,0.24245951052828132,5349.809642167893,1,0,Standard/Low Priority
CUST-02042,0.20401178711849138,3801.222126454317,2,0,Standard/Low Priority
CUST-02043,0.1860476366973797,5465.65269295256,1,0,Standard/Low Priority
CUST-02044,0.2055401417505305,3781.471958031962,2,0,Standard/Low Priority
CUST-02045,0.14135760355629323,6361.9697268809405,0,0,Standard/Low Priority
CUST-02046,0.2614236827886104,7041.104682878302,0,1,Standard/Low Priority
CUST-02047,0.12150296494154127,7501.3194768691865,0,0,Standard/Low Priority
CUST-02048,0.1723654105676616,4413.325559346829,2,0,Standard/Low Priority
CUST-02049,0.21306169826334792,2732.5993900651797,2,0,Standard/Low Priority
CUST-02050,0.19059466295567595,4828.014781303185,1,0,Standard/Low Priority
CUST-02051,0.22753550266969533,6901.389196414079,0,0,Standard/Low Priority
CUST-02052,0.18421203327974017,4895.288847282267,2,0,Standard/Low Priority
CUST-02053,0.17520482101592932,3150.137084936316,2,0,Standard/Low Priority
CUST-02054,0.21276726711352914,4925.163940523456,0,0,Standard/Low Priority
CUST-02055,0.18495118743859038,4827.296723115614,1,0,Standard/Low Priority
CUST-02056,0.17741230216616574,4778.349625848607,2,0,Standard/Low Priority
CUST-02057,0.25619921250848265,3647.4511289786556,2,0,Standard/Low Priority
CUST-02058,0.12772434935150695,5893.31138769656,2,0,Standard/Low Priority
CUST-02059,0.20264399656659443,4540.523383485997,0,0,Standard/Low Priority
CUST-02060,0.22336931321060088,6148.4576064878365,0,0,Standard/Low Priority
CUST-02061,0.14895675932594296,7489.403487252631,0,0,Standard/Low Priority
CUST-02062,0.13074514574882812,6527.234126393286,0,0,Standard/Low Priority
CUST-02063,0.20978953436947903,4837.015610851715,1,0,Standard/Low Priority
CUST-02064,0.11560749324483316,6365.21710236426,0,0,Standard/Low Priority
CUST-02065,0.1543575451021869,5099.7614364597985,2,0,Standard/Low Priority
CUST-02066,0.2168518608760586,3864.0076264422173,2,0,Standard/Low Priority
CUST-02067,0.19078756397353253,5966.484835821817,0,0,Standard/Low Priority
CUST-02068,0.14832814048748388,8507.096332716405,0,0,Standard/Low Priority
CUST-02069,0.13824021119154042,6748.6729191563645,0,0,Standard/Low Priority
CUST-02070,0.13472159182844823,7140.796040993483,1,0,Standard/Low Priority
CUST-02071,0.2027736460693715,7133.891676517221,0,0,Standard/Low Priority
CUST-02072,0.14991696720137368,3712.1747079823426,2,0,Standard/Low Priority
CUST-02073,0.241093759559846,4989.317619578527,0,0,Standard/Low Priority
CUST-02074,0.14650857884895965,4932.313390864065,2,0,Standard/Low Priority
CUST-02075,0.12906702569763506,5219.558813893103,1,0,Standard/Low Priority
CUST-02076,0.15232987967476874,4226.830105835027,2,0,Standard/Low Priority
CUST-02077,0.20176845423455866,4754.257425757729,2,0,Standard/Low Priority
CUST-02078,0.12269957592322568,3440.842228232169,2,0,Standard/Low Priority
CUST-02079,0.12835250194161396,6134.374811273343,2,0,Standard/Low Priority
CUST-02080,0.22199744049808118,6857.073548822699,0,0,Standard/Low Priority
CUST-02081,0.1502954120818783,4798.981768591866,2,0,Standard/Low Priority
CUST-02082,0.18159687065621014,5001.380592966242,0,0,Standard/Low Priority
CUST-02083,0.2208531430407888,5379.697084781254,0,0,Standard/Low Priority
CUST-02084,0.24303474224722255,3358.209136214007,2,0,Standard/Low Priority
CUST-02085,0.15603204466722215,5350.584177455992,1,0,Standard/Low Priority
CUST-02086,0.27258119237974204,4138.229164555518,2,0,Standard/Low Priority
CUST-02087,0.15302310964197136,5455.391734819848,0,0,Standard/Low Priority
CUST-02088,0.19864536934455057,4550.8156479072295,2,0,Standard/Low Priority
CUST-02089,0.12480977705172941,4735.939189553707,2,0,Standard/Low Priority
CUST-02090,0.14189045096803596,7861.486868675732,0,0,Standard/Low Priority
CUST-02091,0.2106045073902596,4484.937515190538,1,0,Standard/Low Priority
CUST-02092,0.18083430031265962,6620.921199213709,0,0,Standard/Low Priority
CUST-02093,0.1700696592353516,5817.544408101463,0,0,Standard/Low Priority
CUST-02094,0.2091860387385222,5797.557956721648,0,0,Standard/Low Priority
CUST-02095,0.18935375309636318,6730.58600619985,0,0,Standard/Low Priority
CUST-02096,0.11777051303701823,5711.503047492877,2,0,Standard/Low Priority
CUST-02097,0.20827710457286444,3938.5056661429494,2,0,Standard/Low Priority
CUST-02098,0.21698520207292574,7667.295308069141,0,0,Standard/Low Priority
CUST-02099,0.21284511344317353,6965.254957499181,0,0,Standard/Low Priority
CUST-02100,0.20252807445731202,4139.747821296011,2,0,Standard/Low Priority
CUST-02101,0.17221012615436718,5690.597295397162,0,0,Standard/Low Priority
CUST-02102,0.20195952112880527,2877.7727680844046,2,0,Standard/Low Priority
CUST-02103,0.11601982865798437,5382.929918589995,2,0,Standard/Low Priority
CUST-02104,0.18625487983386677,4642.110470011623,0,0,Standard/Low Priority
CUST-02105,0.12309015009632981,5985.4989071015325,1,0,Standard/Low Priority
CUST-02106,0.21474810836204042,6622.214550799307,0,0,Standard/Low Priority
CUST-02107,0.12527225845898446,2829.218299833361,2,0,Standard/Low Priority
CUST-02108,0.17815589686549516,5883.441129183058,0,0,Standard/Low Priority
CUST-02109,0.18693766772489703,5637.02672367987,0,0,Standard/Low Priority
CUST-02110,0.24295527741493822,5618.024397898818,0,0,Standard/Low Priority
CUST-02111,0.2185397184896295,5621.725003469086,0,0,Standard/Low Priority
CUST-02112,0.21720072870245255,4757.3179422786425,1,0,Standard/Low Priority
CUST-02113,0.20396038921240106,4874.588814684673,0,0,Standard/Low Priority
CUST-02114,0.12439151100993649,5150.678509717504,2,0,Standard/Low Priority
CUST-02115,0.20710369122253972,5291.407421868099,0,0,Standard/Low Priority
CUST-02116,0.13448424882664592,5677.352709337952,0,0,Standard/Low Priority
CUST-02117,0.13295818410857735,5310.88380683174,0,0,Standard/Low Priority
CUST-02118,0.17699606430242998,6641.016108152647,0,0,Standard/Low Priority
CUST-02119,0.16092260968710492,4971.120355951507,2,0,Standard/Low Priority
CUST-02120,0.19405315884477936,3452.6409080583257,2,0,Standard/Low Priority
CUST-02121,0.12426732909964931,5652.581316459942,1,0,Standard/Low Priority
CUST-02122,0.15834761895137853,6533.149507976156,1,0,Standard/Low Priority
CUST-02123,0.132658450479291,5494.276591501234,0,0,Standard/Low Priority
CUST-02124,0.2075273305109322,4199.948384038681,2,0,Standard/Low Priority
CUST-02125,0.13597860466558978,4084.019244173235,2,0,Standard/Low Priority
CUST-02126,0.24151997740332593,3989.545049955506,1,0,Standard/Low Priority
CUST-02127,0.2082966970273993,5662.013248674492,0,0,Standard/Low Priority
CUST-02128,0.1801205366551623,4643.140813945474,1,0,Standard/Low Priority
CUST-02129,0.25456659878688503,5178.808964788457,2,0,Standard/Low Priority
CUST-02130,0.13103560710783013,4044.1766963172777,1,0,Standard/Low Priority
CUST-02131,0.1507757190374318,7253.421958941108,0,0,Standard/Low Priority
CUST-02132,0.17079367043423116,5018.215545216966,1,0,Standard/Low Priority
CUST-02133,0.1562945610219736,7748.702134639196,0,0,Standard/Low Priority
CUST-02134,0.13859938936222618,5503.488012572578,1,0,Standard/Low Priority
CUST-02135,0.14021117199726763,7314.7703786467455,0,0,Standard/Low Priority
CUST-02136,0.17320886319524934,4321.365181238641,2,0,Standard/Low Priority
CUST-02137,0.203017567944309,5452.131724325801,0,0,Standard/Low Priority
CUST-02138,0.18536635936236223,4425.439665980776,2,0,Standard/Low Priority
CUST-02139,0.14895455470234364,6826.114982238813,0,0,Standard/Low Priority
CUST-02140,0.20188266511564265,6203.669123915498,1,0,Standard/Low Priority
CUST-02141,0.12116382051154867,8562.749547882262,0,1,Standard/Low Priority
CUST-02142,0.1401037962462418,8254.214587027338,0,0,Standard/Low Priority
CUST-02143,0.1282258466030547,5411.641095402415,2,0,Standard/Low Priority
CUST-02144,0.2176096310012683,5715.758485468803,0,0,Standard/Low Priority
CUST-02145,0.14050002108267423,5333.500421084763,2,0,Standard/Low Priority
CUST-02146,0.1422072130069906,3250.319539438762,2,0,Standard/Low Priority
CUST-02147,0.16509130367435038,4921.120725279171,2,0,Standard/Low Priority
CUST-02148,0.1739623618245048,5510.621504012739,0,0,Standard/Low Priority
CUST-02149,0.21587268340305013,4627.3900015307945,2,0,Standard/Low Priority
CUST-02150,0.2358713619397786,4171.366177276891,1,0,Standard/Low Priority
CUST-02151,0.17074533762120417,5375.662955003933,2,0,Standard/Low Priority
CUST-02152,0.14320454013209588,6682.871335099343,2,0,Standard/Low Priority
CUST-02153,0.1914941169974356,6502.2538920671395,0,0,Standard/Low Priority
CUST-02154,0.2533213370655969,2874.7416111938637,1,1,Standard/Low Priority
CUST-02155,0.16621012362622772,3967.868471676982,2,0,Standard/Low Priority
CUST-02156,0.1849933038909819,3583.7796749796194,2,0,Standard/Low Priority
CUST-02157,0.17979578442725383,3057.594490381742,2,0,Standard/Low Priority
CUST-02158,0.11630179728869311,2927.0624237693864,2,1,Standard/Low Priority
CUST-02159,0.13470502933855888,3766.288887321484,2,1,Standard/Low Priority
CUST-02160,0.15042988313050298,4424.362730047681,2,0,Standard/Low Priority
CUST-02161,0.14101449901423468,6407.593069495026,2,0,Standard/Low Priority
CUST-02162,0.1731460142696355,4743.749888757356,2,0,Standard/Low Priority
CUST-02163,0.15814333051923016,7327.326932475581,0,0,Standard/Low Priority
CUST-02164,0.20347788587768267,6030.935064462062,0,0,Standard/Low Priority
CUST-02165,0.16539952681208384,3675.937190363832,2,0,Standard/Low Priority
CUST-02166,0.19411277224279666,5910.255182104854,0,0,Standard/Low Priority
CUST-02167,0.19097328628436014,4645.861511390103,0,0,Standard/Low Priority
CUST-02168,0.2005169730339769,4050.494562466882,1,0,Standard/Low Priority
CUST-02169,0.1818814790832236,6625.990638259072,0,0,Standard/Low Priority
CUST-02170,0.18463110431816218,4540.49077185374,1,0,Standard/Low Priority
CUST-02171,0.1672597429476124,7659.894857948913,0,0,Standard/Low Priority
CUST-02172,0.19057967482162017,5207.740340833889,0,0,Standard/Low Priority
CUST-02173,0.18230592409595417,4679.729882381154,1,0,Standard/Low Priority
CUST-02174,0.13592824941757772,4590.502845537414,2,0,Standard/Low Priority
CUST-02175,0.13262823665555667,7323.360061681481,0,0,Standard/Low Priority
CUST-02176,0.19070963856611128,4077.4613645377653,2,0,Standard/Low Priority
CUST-02177,0.15990246569633734,7215.6249725981215,1,0,Standard/Low Priority
CUST-02178,0.17590621229403325,6445.314755513599,0,0,Standard/Low Priority
CUST-02179,0.21095411679598342,3796.521549364649,1,0,Standard/Low Priority
CUST-02180,0.21342866298318947,4969.354370195059,2,0,Standard/Low Priority
CUST-02181,0.18270473722009814,3731.798271200071,2,0,Standard/Low Priority
CUST-02182,0.12243789977417086,5613.314011333625,2,0,Standard/Low Priority
CUST-02183,0.18738227281146852,5264.881561510677,1,0,Standard/Low Priority
CUST-02184,0.1243292520723608,4942.1672229860005,2,0,Standard/Low Priority
CUST-02185,0.11274288255081409,3760.74485403764,2,0,Standard/Low Priority
CUST-02186,0.13201874330344626,4719.099059678705,2,0,Standard/Low Priority
CUST-02187,0.20428155208267562,5855.246986170007,0,0,Standard/Low Priority
CUST-02188,0.2124034167167884,4628.446387567861,2,0,Standard/Low Priority
CUST-02189,0.1517026698606163,5936.551471486249,2,0,Standard/Low Priority
CUST-02190,0.11735363862140888,5098.619666952441,2,0,Standard/Low Priority
CUST-02191,0.1866595081506646,5354.088938706946,1,0,Standard/Low Priority
CUST-02192,0.21099100726470052,6084.618716144327,0,0,Standard/Low Priority
CUST-02193,0.12486507846134855,4918.864178616999,2,0,Standard/Low Priority
CUST-02194,0.11319979278609478,5467.664993362201,1,0,Standard/Low Priority
CUST-02195,0.17966586481434882,8071.289329948215,0,1,Standard/Low Priority
CUST-02196,0.11903788570750135,6208.9435336495,2,0,Standard/Low Priority
CUST-02197,0.2455564149012329,6842.726010312513,1,1,Standard/Low Priority
CUST-02198,0.2515200310189519,6023.061722678298,0,0,Standard/Low Priority
CUST-02199,0.1101800516910094,5173.728557432408,2,0,Standard/Low Priority
CUST-02200,0.15853404007876462,5851.625809856199,2,0,Standard/Low Priority
CUST-02201,0.17630663015263132,5807.4922217072635,0,0,Standard/Low Priority
CUST-02202,0.15515264727383657,5751.637775016765,0,0,Standard/Low Priority
CUST-02203,0.1924996587735855,5438.12874888297,0,0,Standard/Low Priority
CUST-02204,0.19045282483454357,4494.160593922283,2,0,Standard/Low Priority
CUST-02205,0.11903078784120139,7064.308421551205,0,0,Standard/Low Priority
CUST-02206,0.23145152441956515,3805.5004462760226,2,0,Standard/Low Priority
CUST-02207,0.18413468718657414,4442.285508525082,2,0,Standard/Low Priority
CUST-02208,0.14031135707734121,5473.4114220640995,0,0,Standard/Low Priority
CUST-02209,0.17641849577007868,5688.715301988605,0,0,Standard/Low Priority
CUST-02210,0.19934429858835062,3094.570310052314,2,0,Standard/Low Priority
CUST-02211,0.12170874727323772,4485.57159663761,2,0,Standard/Low Priority
CUST-02212,0.18018594632708657,3673.7735199664976,2,0,Standard/Low Priority
CUST-02213,0.13859309146955942,3750.140248167083,2,0,Standard/Low Priority
CUST-02214,0.1838834081164462,3390.297950450327,2,0,Standard/Low Priority
CUST-02215,0.1654884378494158,4871.929334295715,0,0,Standard/Low Priority
CUST-02216,0.13647875761958608,7405.914466364268,0,0,Standard/Low Priority
CUST-02217,0.1961829102222112,6058.354559495074,0,0,Standard/Low Priority
CUST-02218,0.12946629128825554,7948.695427938352,0,0,Standard/Low Priority
CUST-02219,0.14906754725901478,4380.678457466869,2,0,Standard/Low Priority
CUST-02220,0.1336889434341064,7397.859348789481,0,0,Standard/Low Priority
CUST-02221,0.2009047257395002,6909.087516193013,0,0,Standard/Low Priority
CUST-02222,0.21888086152542877,3664.0796099889067,2,0,Standard/Low Priority
CUST-02223,0.12301863030769118,7445.0503305396405,0,0,Standard/Low Priority
CUST-02224,0.1707744083019746,4105.978550269637,2,0,Standard/Low Priority
CUST-02225,0.14673020958380245,6056.272826402098,0,0,Standard/Low Priority
CUST-02226,0.15853073773507576,5966.5335653554075,1,0,Standard/Low Priority
CUST-02227,0.15714002695779772,5502.052694884591,2,0,Standard/Low Priority
CUST-02228,0.18117903382889963,3778.092056365464,2,0,Standard/Low Priority
CUST-02229,0.1302832233523005,4201.4637242558465,2,0,Standard/Low Priority
CUST-02230,0.13960592979628358,3020.723048577509,2,0,Standard/Low Priority
CUST-02231,0.24545629629951984,5291.908512314707,0,0,Standard/Low Priority
CUST-02232,0.12401005991578117,6595.58187079923,1,0,Standard/Low Priority
CUST-02233,0.15821982525462736,6880.303995705912,0,0,Standard/Low Priority
CUST-02234,0.16194024854162464,3748.0682129473353,2,0,Standard/Low Priority
CUST-02235,0.16916425890802003,4596.584027735607,2,0,Standard/Low Priority
CUST-02236,0.1402940795458114,6581.858035548672,0,0,Standard/Low Priority
CUST-02237,0.16732137326198857,4879.498385872253,2,0,Standard/Low Priority
CUST-02238,0.15585667141492301,6447.93003580472,0,0,Standard/Low Priority
CUST-02239,0.18476425674302724,4577.75469098714,1,0,Standard/Low Priority
CUST-02240,0.1396444884164403,7658.137942096414,0,0,Standard/Low Priority
CUST-02241,0.11229542363516895,4749.292402131377,2,0,Standard/Low Priority
CUST-02242,0.14664395275987588,6291.477519815267,0,0,Standard/Low Priority
CUST-02243,0.2170380684434697,6996.421294335488,1,0,Standard/Low Priority
CUST-02244,0.16953638565705942,4835.669019977776,2,0,Standard/Low Priority
CUST-02245,0.17439196932960485,4774.33049456021,1,0,Standard/Low Priority
CUST-02246,0.19559966709001814,4363.984151430363,2,0,Standard/Low Priority
CUST-02247,0.1625670847232656,3254.9974726117157,2,0,Standard/Low Priority
CUST-02248,0.15603204466722215,5687.347335203251,1,0,Standard/Low Priority
CUST-02249,0.21822480505727357,4767.026059001139,1,0,Standard/Low Priority
CUST-02250,0.13511915950202438,6264.454733619961,0,0,Standard/Low Priority
CUST-02251,0.17587173794946473,3945.2435877367384,2,0,Standard/Low Priority
CUST-02252,0.16277283386724967,7439.5059022878595,1,0,Standard/Low Priority
CUST-02253,0.2258683685753841,6508.680437876886,1,0,Standard/Low Priority
CUST-02254,0.12162392083899187,8508.700612965918,0,0,Standard/Low Priority
CUST-02255,0.12888305776905729,7037.691399313734,0,0,Standard/Low Priority
CUST-02256,0.20338687011831622,7288.699873712365,1,0,Standard/Low Priority
CUST-02257,0.19806994836253858,5189.391739295653,1,0,Standard/Low Priority
CUST-02258,0.18105994877383272,5967.372788116338,0,0,Standard/Low Priority
CUST-02259,0.13910551039122754,7079.671376111594,1,0,Standard/Low Priority
CUST-02260,0.1690122224736518,3991.1661509066867,2,0,Standard/Low Priority
CUST-02261,0.13673601112634232,4203.099734977333,2,0,Standard/Low Priority
CUST-02262,0.1820333058053251,4945.356684502266,0,0,Standard/Low Priority
CUST-02263,0.1863063110720356,3253.141750264826,2,0,Standard/Low Priority
CUST-02264,0.14005881047370294,6706.385785945971,0,0,Standard/Low Priority
CUST-02265,0.1387654965223743,8096.865809098897,0,0,Standard/Low Priority
CUST-02266,0.13268708860387304,5084.104291019687,2,1,Standard/Low Priority
CUST-02267,0.19565339002959994,6466.182413398764,0,0,Standard/Low Priority
CUST-02268,0.12461933282858967,5033.7830833190155,1,0,Standard/Low Priority
CUST-02269,0.1390197974919678,5832.843745650334,2,0,Standard/Low Priority
CUST-02270,0.2211323350146756,4772.0410762792235,1,0,Standard/Low Priority
CUST-02271,0.20404898558334358,4077.77541502759,2,0,Standard/Low Priority
CUST-02272,0.17105303367822813,5472.803915201519,0,0,Standard/Low Priority
CUST-02273,0.110515554728829,5384.060360873547,2,0,Standard/Low Priority
CUST-02274,0.19388411247604906,4125.790049806968,2,0,Standard/Low Priority
CUST-02275,0.22645590016962858,7318.472671970828,1,0,Standard/Low Priority
CUST-02276,0.21468981377229404,4710.2464735528465,0,0,Standard/Low Priority
CUST-02277,0.15349872396999553,5454.832951205027,2,0,Standard/Low Priority
CUST-02278,0.13615415090645933,7031.358942210368,0,0,Standard/Low Priority
CUST-02279,0.21331014639691964,6921.898813877931,0,0,Standard/Low Priority
CUST-02280,0.16900679598162874,4523.842771653429,2,0,Standard/Low Priority
CUST-02281,0.1922704049349435,6304.063699288115,1,0,Standard/Low Priority
CUST-02282,0.2983207006814818,6590.094993065846,1,0,Standard/Low Priority
CUST-02283,0.19001818156761943,6081.657569810007,0,0,Standard/Low Priority
CUST-02284,0.13352373114897828,7377.233524868236,0,0,Standard/Low Priority
CUST-02285,0.19698217397900364,6496.2277610753845,0,0,Standard/Low Priority
CUST-02286,0.18260420690216386,4771.607871913399,0,0,Standard/Low Priority
CUST-02287,0.18685035802933278,2993.1642759254946,2,0,Standard/Low Priority
CUST-02288,0.18474061785750506,6689.6094447284495,0,0,Standard/Low Priority
CUST-02289,0.1403106229671215,7935.573240707053,0,0,Standard/Low Priority
CUST-02290,0.1767236941438155,3680.224025612558,2,0,Standard/Low Priority
CUST-02291,0.2017179619177258,3968.819870658695,2,0,Standard/Low Priority
CUST-02292,0.18052741849362325,4739.228920008256,2,0,Standard/Low Priority
CUST-02293,0.14296017290943414,8011.265189922023,0,0,Standard/Low Priority
CUST-02294,0.14640522332217615,4999.52980950907,2,0,Standard/Low Priority
CUST-02295,0.20996403488443022,4421.066020005571,1,0,Standard/Low Priority
CUST-02296,0.158270215099198,7893.112992100904,0,0,Standard/Low Priority
CUST-02297,0.12652006061666177,6705.190895500017,0,0,Standard/Low Priority
CUST-02298,0.13437722822353212,8397.603582416767,0,0,Standard/Low Priority
CUST-02299,0.20845563138733111,4855.296321477971,0,0,Standard/Low Priority
CUST-02300,0.127954504085892,5953.626149035012,1,0,Standard/Low Priority
CUST-02301,0.13712611805914576,5283.909491920101,0,0,Standard/Low Priority
CUST-02302,0.17764263808793987,6088.06935937789,0,0,Standard/Low Priority
CUST-02303,0.19304630630452033,5928.721708744467,0,0,Standard/Low Priority
CUST-02304,0.1688732929984788,4579.258552630631,2,0,Standard/Low Priority
CUST-02305,0.2486261513307692,5262.503341013272,1,0,Standard/Low Priority
CUST-02306,0.21696076118616442,5830.18543425824,0,0,Standard/Low Priority
CUST-02307,0.1276298953318742,6176.3939492850395,2,0,Standard/Low Priority
CUST-02308,0.11659199805088555,6364.530840701622,2,0,Standard/Low Priority
CUST-02309,0.20128158895036902,3703.546943589293,2,0,Standard/Low Priority
CUST-02310,0.19480287808353128,4189.876899471279,2,0,Standard/Low Priority
CUST-02311,0.13174379706221562,6204.223621634376,0,0,Standard/Low Priority
CUST-02312,0.21345277800144388,3824.7214992751005,2,0,Standard/Low Priority
CUST-02313,0.1765158471006975,7142.768701767114,0,0,Standard/Low Priority
CUST-02314,0.11885543466644727,6594.088665671571,0,0,Standard/Low Priority
CUST-02315,0.1878387618734667,4495.089824899826,0,0,Standard/Low Priority
CUST-02316,0.21057117344052492,5441.946428799255,0,0,Standard/Low Priority
CUST-02317,0.1233236923446877,5357.176386752673,0,0,Standard/Low Priority
CUST-02318,0.1502962312180864,2883.7478131894354,2,0,Standard/Low Priority
CUST-02319,0.17962548318308177,4296.719391732941,2,0,Standard/Low Priority
CUST-02320,0.1613414038658611,7937.179811198884,0,0,Standard/Low Priority
CUST-02321,0.1231734492400966,5333.505186711217,2,0,Standard/Low Priority
CUST-02322,0.23825724123411007,4336.429063790216,2,0,Standard/Low Priority
CUST-02323,0.1293623356815118,4394.532041901022,2,0,Standard/Low Priority
CUST-02324,0.18016292862415528,5708.340154451605,0,0,Standard/Low Priority
CUST-02325,0.1832278439387323,4370.31587967571,2,1,Standard/Low Priority
CUST-02326,0.2070391221507418,4969.953907994323,2,0,Standard/Low Priority
CUST-02327,0.16772341312090178,3856.803362534834,1,0,Standard/Low Priority
CUST-02328,0.1944953085355316,5626.895732991279,0,1,Standard/Low Priority
CUST-02329,0.13865579351125792,7189.164910589002,0,0,Standard/Low Priority
CUST-02330,0.16078291251083737,3685.896624201895,2,0,Standard/Low Priority
CUST-02331,0.1347105336997444,4114.244075391321,2,0,Standard/Low Priority
CUST-02332,0.17914844448574396,6817.490515939404,0,0,Standard/Low Priority
CUST-02333,0.12372183139577667,6599.14503243918,0,0,Standard/Low Priority
CUST-02334,0.17451451692245082,4898.164845738418,0,0,Standard/Low Priority
CUST-02335,0.27066549655646366,3387.435679259354,2,0,Standard/Low Priority
CUST-02336,0.12196084552827434,4837.3802481463035,2,0,Standard/Low Priority
CUST-02337,0.156126752152467,8304.827610746275,0,0,Standard/Low Priority
CUST-02338,0.19660723712591094,3565.2148661261767,2,0,Standard/Low Priority
CUST-02339,0.18424725490798222,4090.774939421897,2,0,Standard/Low Priority
CUST-02340,0.13481962270876235,6665.7441596596955,0,0,Standard/Low Priority
CUST-02341,0.1254205032314496,5452.597021933951,1,0,Standard/Low Priority
CUST-02342,0.17866038917974453,4271.307292560054,2,0,Standard/Low Priority
CUST-02343,0.10886237941677102,4321.397302929896,2,0,Standard/Low Priority
CUST-02344,0.2296935974587606,2989.16203453774,2,0,Standard/Low Priority
CUST-02345,0.21316978223670113,5560.950172024578,1,0,Standard/Low Priority
CUST-02346,0.15309707573450979,6593.876420989789,0,0,Standard/Low Priority
CUST-02347,0.11563661709727696,4183.862318028936,2,0,Standard/Low Priority
CUST-02348,0.2316644170360196,3809.95813657826,2,0,Standard/Low Priority
CUST-02349,0.2534870453807548,6438.347879541954,0,0,Standard/Low Priority
CUST-02350,0.17700705679122442,4847.558765215932,1,0,Standard/Low Priority
CUST-02351,0.11904094446217123,5007.848428123651,2,0,Standard/Low Priority
CUST-02352,0.20661830711180415,5637.488284704063,0,0,Standard/Low Priority
CUST-02353,0.1677634771943439,4920.794809520927,0,0,Standard/Low Priority
CUST-02354,0.2259579645750761,2712.414191137927,2,0,Standard/Low Priority
CUST-02355,0.1758804168223307,6856.261950273547,0,0,Standard/Low Priority
CUST-02356,0.24092529427874773,4004.217967629693,2,0,Standard/Low Priority
CUST-02357,0.14317466956332073,6001.903543095929,1,0,Standard/Low Priority
CUST-02358,0.21676117625276728,3291.33089060203,2,1,Standard/Low Priority
CUST-02359,0.20815815723653067,6757.572368362815,0,0,Standard/Low Priority
CUST-02360,0.21907750288292924,5791.003399700034,0,0,Standard/Low Priority
CUST-02361,0.20734640475077015,4479.446327564252,1,0,Standard/Low Priority
CUST-02362,0.1996531305377891,3975.716779535626,2,0,Standard/Low Priority
CUST-02363,0.21934301664747535,2441.961347668094,2,0,Standard/Low Priority
CUST-02364,0.1980411904166959,5326.163789126111,0,0,Standard/Low Priority
CUST-02365,0.1697811627640274,5352.047893617315,0,0,Standard/Low Priority
CUST-02366,0.22431548469166201,5469.6305905012905,1,0,Standard/Low Priority
CUST-02367,0.22543582432868214,3664.0796099889067,2,0,Standard/Low Priority
CUST-02368,0.1998244888223278,4857.033073721103,1,0,Standard/Low Priority
CUST-02369,0.1937001999858296,6663.075993803262,0,0,Standard/Low Priority
CUST-02370,0.13979730040870664,4529.205786427641,2,0,Standard/Low Priority
CUST-02371,0.1465523782799005,8118.178720624108,0,0,Standard/Low Priority
CUST-02372,0.13831761377002064,4943.623885243961,2,0,Standard/Low Priority
CUST-02373,0.26266365736546005,4059.245646753282,1,0,Standard/Low Priority
CUST-02374,0.13220482009213685,8904.637524611284,0,0,Standard/Low Priority
CUST-02375,0.12881548935258536,8127.281445226437,0,0,Standard/Low Priority
CUST-02376,0.23356343064592686,5157.604503605066,1,0,Standard/Low Priority
CUST-02377,0.16918643808429237,4193.473913618334,2,0,Standard/Low Priority
CUST-02378,0.1298962348080253,7363.7104398835145,0,0,Standard/Low Priority
CUST-02379,0.17921051656901374,6885.469947206718,0,0,Standard/Low Priority
CUST-02380,0.1615102662388604,5262.649583543249,2,0,Standard/Low Priority
CUST-02381,0.13086670102118378,4701.3847835206425,1,0,Standard/Low Priority
CUST-02382,0.1274468407904909,6816.903934458516,0,0,Standard/Low Priority
CUST-02383,0.20354778314924885,4456.214620401049,2,0,Standard/Low Priority
CUST-02384,0.2075502233221448,3503.9275531983367,2,0,Standard/Low Priority
CUST-02385,0.2180519432720846,5837.320540739413,0,0,Standard/Low Priority
CUST-02386,0.1431068160967361,7250.50891336255,0,0,Standard/Low Priority
CUST-02387,0.21078400069607445,5753.540397768346,0,0,Standard/Low Priority
CUST-02388,0.16642311848483834,5594.082447630337,0,0,Standard/Low Priority
CUST-02389,0.22833890535153376,4899.036778111972,1,0,Standard/Low Priority
CUST-02390,0.23791191669900535,3933.3517616985105,2,0,Standard/Low Priority
CUST-02391,0.21443487963093225,5330.39875310375,0,0,Standard/Low Priority
CUST-02392,0.1563048097518433,7539.274191844962,0,0,Standard/Low Priority
CUST-02393,0.18839105771639247,5282.043554632467,1,0,Standard/Low Priority
CUST-02394,0.15845125087149037,6706.604063366961,0,0,Standard/Low Priority
CUST-02395,0.2001649069141099,3103.7674211162757,2,1,Standard/Low Priority
CUST-02396,0.12618532226398954,5257.360915790854,2,0,Standard/Low Priority
CUST-02397,0.14533352571196367,4213.784352854744,2,0,Standard/Low Priority
CUST-02398,0.15228135979587293,4947.364534198465,2,0,Standard/Low Priority
CUST-02399,0.17976437727732034,3847.0592056220157,2,0,Standard/Low Priority
CUST-02400,0.19227861734322338,5768.828409627352,0,0,Standard/Low Priority
CUST-02401,0.16724919050341364,4891.105126606977,2,0,Standard/Low Priority
CUST-02402,0.13282803267621685,7097.855160987922,0,0,Standard/Low Priority
CUST-02403,0.18992943292096442,4279.810951485403,2,0,Standard/Low Priority
CUST-02404,0.12643702359024017,4231.658971059016,2,0,Standard/Low Priority
CUST-02405,0.12928194429841386,6388.170695767742,0,0,Standard/Low Priority
CUST-02406,0.23095354249086636,4594.501191334522,2,0,Standard/Low Priority
CUST-02407,0.1833741410150943,5429.2853729890385,2,0,Standard/Low Priority
CUST-02408,0.2358221071181566,4678.259745766322,0,0,Standard/Low Priority
CUST-02409,0.2770439087967779,4271.270278178416,1,0,Standard/Low Priority
CUST-02410,0.13119004810524368,4049.6004969755586,2,0,Standard/Low Priority
CUST-02411,0.19311226757245856,5691.093020352442,0,0,Standard/Low Priority
CUST-02412,0.1303971698611292,6631.802190396227,0,0,Standard/Low Priority
CUST-02413,0.1491208859175149,8466.984872857649,0,0,Standard/Low Priority
CUST-02414,0.11880614272501991,6239.819165433746,2,0,Standard/Low Priority
CUST-02415,0.18347922237703307,3594.7367031049935,1,0,Standard/Low Priority
CUST-02416,0.17051141721417423,4334.639946204163,1,0,Standard/Low Priority
CUST-02417,0.19482066647184243,4558.779030388223,1,0,Standard/Low Priority
CUST-02418,0.1428390229454413,4595.451158150718,2,0,Standard/Low Priority
CUST-02419,0.24803102081541537,4793.358926421345,2,0,Standard/Low Priority
CUST-02420,0.11451715303862774,6303.968259614485,0,1,Standard/Low Priority
CUST-02421,0.16862257580829848,4724.7659767572595,2,0,Standard/Low Priority
CUST-02422,0.1691481547398774,4180.61735889321,2,0,Standard/Low Priority
CUST-02423,0.1334784446616721,6792.383438320708,0,0,Standard/Low Priority
CUST-02424,0.11311855230878613,4223.072146940701,2,0,Standard/Low Priority
CUST-02425,0.2086779890507983,6364.563792518374,0,0,Standard/Low Priority
CUST-02426,0.14924597191503985,6049.891027747822,1,1,Standard/Low Priority
CUST-02427,0.19080515479423826,5264.565957778785,2,0,Standard/Low Priority
CUST-02428,0.12446938254873578,4955.799162603448,1,0,Standard/Low Priority
CUST-02429,0.17051731447781907,4288.378242488804,2,0,Standard/Low Priority
CUST-02430,0.19790660605505964,3016.7749736152746,2,0,Standard/Low Priority
CUST-02431,0.16821277543902938,4599.166457986707,2,0,Standard/Low Priority
CUST-02432,0.2702082610477984,6887.761140226475,0,1,Standard/Low Priority
CUST-02433,0.19817283976949052,7234.468493201185,1,0,Standard/Low Priority
CUST-02434,0.1897684609353145,6060.9957636914905,0,0,Standard/Low Priority
CUST-02435,0.1950789089902507,5940.860039181099,0,0,Standard/Low Priority
CUST-02436,0.22040778796916755,5553.780487060596,0,0,Standard/Low Priority
CUST-02437,0.23287746358112257,4821.998830814616,1,0,Standard/Low Priority
CUST-02438,0.14963508038499965,4815.202765353922,2,0,Standard/Low Priority
CUST-02439,0.19278512120003882,7416.249947793396,0,0,Standard/Low Priority
CUST-02440,0.12996574212942097,6044.578156101839,0,0,Standard/Low Priority
CUST-02441,0.1355803564759076,8221.479782153485,0,0,Standard/Low Priority
CUST-02442,0.19028515376646724,4268.892439943988,1,0,Standard/Low Priority
CUST-02443,0.1367566801892634,5735.5237017738355,0,0,Standard/Low Priority
CUST-02444,0.18836489782317312,5239.770769081359,1,1,Standard/Low Priority
CUST-02445,0.18988777411099433,5335.632200225923,1,0,Standard/Low Priority
CUST-02446,0.18280659989368836,2836.9868136406662,2,1,Standard/Low Priority
CUST-02447,0.2781089887399702,4932.054380562968,0,0,Standard/Low Priority
CUST-02448,0.18348605695064116,4211.08502165048,2,0,Standard/Low Priority
CUST-02449,0.19398645376443466,4632.103527379104,2,0,Standard/Low Priority
CUST-02450,0.13522904888017334,4781.261765033077,2,0,Standard/Low Priority
CUST-02451,0.18788765259737183,6528.680707675412,0,0,Standard/Low Priority
CUST-02452,0.1308654835632375,7010.377584182031,1,0,Standard/Low Priority
CUST-02453,0.2383529281251521,2976.947644629737,2,0,Standard/Low Priority
CUST-02454,0.1472776965004222,5441.641711880108,0,0,Standard/Low Priority
CUST-02455,0.22532281883295618,6263.457868996406,1,0,Standard/Low Priority
CUST-02456,0.16088640154461836,6751.754976224643,0,0,Standard/Low Priority
CUST-02457,0.1812129269492469,5356.205187433575,1,0,Standard/Low Priority
CUST-02458,0.18229776521114693,9287.532599344622,0,0,Standard/Low Priority
CUST-02459,0.1278870271744724,5470.986460786985,2,0,Standard/Low Priority
CUST-02460,0.22693798766716838,5836.890507940344,0,0,Standard/Low Priority
CUST-02461,0.1278722945209585,6195.402969875365,0,0,Standard/Low Priority
CUST-02462,0.13308496359728192,6247.693400973083,0,0,Standard/Low Priority
CUST-02463,0.12453528123265128,6706.307439720178,0,0,Standard/Low Priority
CUST-02464,0.21057580454203362,5240.840777918761,0,0,Standard/Low Priority
CUST-02465,0.1941516339136167,5154.836305265635,2,0,Standard/Low Priority
CUST-02466,0.12231909394571006,3694.9063960771573,2,0,Standard/Low Priority
CUST-02467,0.17892097321177483,5475.928156760206,0,0,Standard/Low Priority
CUST-02468,0.2513443552056766,7090.124535223729,0,0,Standard/Low Priority
CUST-02469,0.21675380569240857,6147.349530391522,1,0,Standard/Low Priority
CUST-02470,0.1289111697385613,4247.937848480864,2,0,Standard/Low Priority
CUST-02471,0.2644522621115301,7158.164017726712,0,0,Standard/Low Priority
CUST-02472,0.21699962170623766,3465.8890809629365,2,0,Standard/Low Priority
CUST-02473,0.1921473058572738,5490.400487591024,0,0,Standard/Low Priority
CUST-02474,0.1350333019143963,6858.817132474808,0,0,Standard/Low Priority
CUST-02475,0.12567110255659686,5044.38865391496,1,0,Standard/Low Priority
CUST-02476,0.2620626871561627,5754.6487642886295,0,0,Standard/Low Priority
CUST-02477,0.16813704078363298,5620.74031373313,0,0,Standard/Low Priority
CUST-02478,0.16264220134492594,2718.042814302593,2,1,Standard/Low Priority
CUST-02479,0.23627821447623432,4154.170011763691,2,0,Standard/Low Priority
CUST-02480,0.20523712816071776,5363.569543428128,2,0,Standard/Low Priority
CUST-02481,0.1294106648844181,7195.205745279316,1,0,Standard/Low Priority
CUST-02482,0.1761489976944476,3704.4511187600556,2,0,Standard/Low Priority
CUST-02483,0.2539373061480992,4826.649659096048,1,0,Standard/Low Priority
CUST-02484,0.20184326669238345,5992.5596317182235,0,0,Standard/Low Priority
CUST-02485,0.15630126879470216,6276.719727751822,1,0,Standard/Low Priority
CUST-02486,0.1240376245895143,6403.504588495542,1,0,Standard/Low Priority
CUST-02487,0.2700027534678646,4678.917357274615,1,0,Standard/Low Priority
CUST-02488,0.12943062851257525,5265.3189073831445,2,0,Standard/Low Priority
CUST-02489,0.11599414609330574,4134.274905159443,2,1,Standard/Low Priority
CUST-02490,0.10964782966169319,4461.3005120897,2,0,Standard/Low Priority
CUST-02491,0.23260998170859756,6639.356767045617,0,0,Standard/Low Priority
CUST-02492,0.18329853097618165,5025.2665300956805,0,0,Standard/Low Priority
CUST-02493,0.13391011361462649,6444.722235253219,1,0,Standard/Low Priority
CUST-02494,0.2237129174716643,5686.932979060136,0,0,Standard/Low Priority
CUST-02495,0.20280064554568408,6665.853811954361,0,0,Standard/Low Priority
CUST-02496,0.23304147092268807,4802.084811027035,1,0,Standard/Low Priority
CUST-02497,0.13393524948499233,6810.151682037539,0,0,Standard/Low Priority
CUST-02498,0.23039268526685663,5658.750513510484,1,0,Standard/Low Priority
CUST-02499,0.2359687645579231,4783.486264042926,2,0,Standard/Low Priority
CUST-02500,0.15571276791303906,6447.133385024294,0,0,Standard/Low Priority
CUST-02501,0.23781260237346344,5673.231333250912,0,0,Standard/Low Priority
CUST-02502,0.2156919559298798,7121.39996064779,0,0,Standard/Low Priority
CUST-02503,0.16783161197377536,4309.65735162416,1,0,Standard/Low Priority
CUST-02504,0.19694468496544984,3763.364947501891,2,0,Standard/Low Priority
CUST-02505,0.12326487521794954,3041.5329460634516,2,0,Standard/Low Priority
CUST-02506,0.20525109769039762,6473.9716879141615,1,0,Standard/Low Priority
CUST-02507,0.11885998956971827,7037.279788272082,0,0,Standard/Low Priority
CUST-02508,0.22244744058540697,4264.148253965103,2,0,Standard/Low Priority
CUST-02509,0.19815892673250893,5574.794060220142,0,0,Standard/Low Priority
CUST-02510,0.19693229004108545,5837.021588982855,0,0,Standard/Low Priority
CUST-02511,0.24952683587900318,3689.6366397674633,2,0,Standard/Low Priority
CUST-02512,0.21606535024583678,5270.861193182328,0,0,Standard/Low Priority
CUST-02513,0.1829934867357636,5334.772091878291,0,0,Standard/Low Priority
CUST-02514,0.14304396478705783,4885.078576470672,2,0,Standard/Low Priority
CUST-02515,0.2023424393350054,3023.982132614415,2,0,Standard/Low Priority
CUST-02516,0.13244691696791938,4830.8478008057145,2,0,Standard/Low Priority
CUST-02517,0.19260795854973842,4787.033698400681,2,0,Standard/Low Priority
CUST-02518,0.21788613673575832,5732.732296297381,0,0,Standard/Low Priority
CUST-02519,0.14840166887002038,6747.221241991115,0,0,Standard/Low Priority
CUST-02520,0.1842879873303506,4651.556429520753,2,0,Standard/Low Priority
CUST-02521,0.18554033902552977,4532.851361908803,2,0,Standard/Low Priority
CUST-02522,0.22083988781764813,5213.973031028409,0,0,Standard/Low Priority
CUST-02523,0.17661056777422082,5396.688744376231,0,0,Standard/Low Priority
CUST-02524,0.1355915250623834,7881.435940130507,0,0,Standard/Low Priority
CUST-02525,0.2205667994121613,4836.170354833862,0,0,Standard/Low Priority
CUST-02526,0.11776966011845412,5710.413683335134,2,0,Standard/Low Priority
CUST-02527,0.17116858678490465,4293.961756978129,2,0,Standard/Low Priority
CUST-02528,0.22549893220604464,5775.592929066005,0,0,Standard/Low Priority
CUST-02529,0.22644712900024117,4426.784447959302,2,0,Standard/Low Priority
CUST-02530,0.23052645295196775,5626.42739146037,0,0,Standard/Low Priority
CUST-02531,0.1457836916312171,6526.50770831526,0,0,Standard/Low Priority
CUST-02532,0.13457103091502878,7906.179368179313,0,0,Standard/Low Priority
CUST-02533,0.24349762996777177,5222.501435551929,1,0,Standard/Low Priority
CUST-02534,0.20639240352193883,5306.771078607628,0,0,Standard/Low Priority
CUST-02535,0.12949784326032243,8675.537189068653,0,0,Standard/Low Priority
CUST-02536,0.22843858911512602,4204.773346342093,2,0,Standard/Low Priority
CUST-02537,0.1693069662976951,4182.140890179119,2,0,Standard/Low Priority
CUST-02538,0.1952719145942978,6012.465420874222,0,0,Standard/Low Priority
CUST-02539,0.21373387663439034,5270.907040796109,0,0,Standard/Low Priority
CUST-02540,0.2635712303445534,5727.844248649724,0,0,Standard/Low Priority
CUST-02541,0.1863838101758559,5639.488018472638,0,0,Standard/Low Priority
CUST-02542,0.12257207962132333,5930.94398414564,1,0,Standard/Low Priority
CUST-02543,0.21118223431136635,5435.531299385345,0,0,Standard/Low Priority
CUST-02544,0.12900354955341428,5997.743474291572,2,0,Standard/Low Priority
CUST-02545,0.15793762972037156,4719.607123244805,2,0,Standard/Low Priority
CUST-02546,0.1925004846858156,3072.454867454597,2,0,Standard/Low Priority
CUST-02547,0.1831219314179442,3570.908784931257,2,0,Standard/Low Priority
CUST-02548,0.22039631365378753,3180.1618191607886,2,0,Standard/Low Priority
CUST-02549,0.19261368989681663,4093.5854649086996,2,0,Standard/Low Priority
CUST-02550,0.24329450992362214,4086.2253137042962,2,0,Standard/Low Priority
CUST-02551,0.14889195595757906,7276.611386405928,0,0,Standard/Low Priority
CUST-02552,0.13168346114139517,5020.9343643393895,2,0,Standard/Low Priority
CUST-02553,0.12323631873101235,2805.1554113730426,2,0,Standard/Low Priority
CUST-02554,0.19016216433978259,3541.6124749444266,2,0,Standard/Low Priority
CUST-02555,0.1427245296420235,4711.93115203507,2,0,Standard/Low Priority
CUST-02556,0.18570570332996347,6300.72383448757,0,0,Standard/Low Priority
CUST-02557,0.12317358968549329,4425.001228377287,2,0,Standard/Low Priority
CUST-02558,0.26989229647562846,3335.3955438667376,2,0,Standard/Low Priority
CUST-02559,0.14073156969981487,6440.763151196069,0,0,Standard/Low Priority
CUST-02560,0.16677332358374236,4636.626892298517,2,0,Standard/Low Priority
CUST-02561,0.11431300765028063,6350.4294886333255,1,0,Standard/Low Priority
CUST-02562,0.21394968584375235,4848.713902093959,1,0,Standard/Low Priority
CUST-02563,0.19697282435892874,5803.608337902271,0,0,Standard/Low Priority
CUST-02564,0.12560360561224748,4819.360560902052,2,0,Standard/Low Priority
CUST-02565,0.20564757660853403,5354.212683799084,1,0,Standard/Low Priority
CUST-02566,0.15129336118580858,7123.578455124021,0,0,Standard/Low Priority
CUST-02567,0.13306758166502494,5500.914077581962,2,0,Standard/Low Priority
CUST-02568,0.11950880722060635,7056.526287117777,0,0,Standard/Low Priority
CUST-02569,0.14232072640047108,4722.075440199675,2,0,Standard/Low Priority
CUST-02570,0.16204471087525288,4757.5862223056,2,0,Standard/Low Priority
CUST-02571,0.19310962182957056,5478.1620985665695,0,0,Standard/Low Priority
CUST-02572,0.12867996948109814,6253.909856812228,0,0,Standard/Low Priority
CUST-02573,0.1887020591724746,5177.368840089192,0,0,Standard/Low Priority
CUST-02574,0.18742286765447758,4539.210131353174,2,0,Standard/Low Priority
CUST-02575,0.20159967758848507,2931.1768603332234,2,0,Standard/Low Priority
CUST-02576,0.2025155383355936,3157.0601485082743,2,0,Standard/Low Priority
CUST-02577,0.1293332305802638,7040.486905779476,0,0,Standard/Low Priority
CUST-02578,0.23562767332339046,6546.521481172699,0,0,Standard/Low Priority
CUST-02579,0.2045213096275184,5259.771178666074,2,0,Standard/Low Priority
CUST-02580,0.11504915679573552,3340.552412601099,2,0,Standard/Low Priority
CUST-02581,0.15500803884909556,6392.680821581247,0,0,Standard/Low Priority
CUST-02582,0.24714301692568216,5665.434110380133,1,0,Standard/Low Priority
CUST-02583,0.14109637830405408,6882.701392996095,0,0,Standard/Low Priority
CUST-02584,0.18615565758606314,4520.409272191929,2,0,Standard/Low Priority
CUST-02585,0.14466299924556048,5785.404601641234,2,0,Standard/Low Priority
CUST-02586,0.1786888136846933,3908.866897356449,2,0,Standard/Low Priority
CUST-02587,0.2087371790666802,6585.115618352461,0,0,Standard/Low Priority
CUST-02588,0.255430612506207,5609.604736061587,1,0,Standard/Low Priority
CUST-02589,0.12175808357161545,5285.179178060095,2,0,Standard/Low Priority
CUST-02590,0.24683609047457838,5757.89537223502,0,0,Standard/Low Priority
CUST-02591,0.1983073164866689,5216.362035064783,1,0,Standard/Low Priority
CUST-02592,0.14002385265960074,5646.202957478544,1,0,Standard/Low Priority
CUST-02593,0.1682168283092519,4083.8010674772545,2,0,Standard/Low Priority
CUST-02594,0.1463319206244431,4360.20476965538,2,0,Standard/Low Priority
CUST-02595,0.200111558887675,5467.181213671312,1,0,Standard/Low Priority
CUST-02596,0.24136512125715082,5808.395739980715,1,0,Standard/Low Priority
CUST-02597,0.21476657950746783,4877.772086217094,2,0,Standard/Low Priority
CUST-02598,0.18866331785860907,5082.67229738359,2,0,Standard/Low Priority
CUST-02599,0.21852184829217303,5788.7896993095555,1,0,Standard/Low Priority
CUST-02600,0.1701463097030385,5736.033129758677,0,0,Standard/Low Priority
CUST-02601,0.14203888393888572,6349.112670687576,0,0,Standard/Low Priority
CUST-02602,0.1911782632950453,5519.682095918894,1,0,Standard/Low Priority
CUST-02603,0.24513007696507225,4781.230744611891,0,0,Standard/Low Priority
CUST-02604,0.12588389305994785,4902.766696750651,2,0,Standard/Low Priority
CUST-02605,0.1992382476917464,3537.4106695440155,2,0,Standard/Low Priority
CUST-02606,0.12181289831015425,5672.066116025947,0,0,Standard/Low Priority
CUST-02607,0.1378125262486687,9340.825653411139,0,1,Standard/Low Priority
CUST-02608,0.16835330634606213,5606.447161803859,0,0,Standard/Low Priority
CUST-02609,0.1211877853838741,4586.371446995651,2,0,Standard/Low Priority
CUST-02610,0.1533322305895078,7854.606568527709,0,0,Standard/Low Priority
CUST-02611,0.18489289012752771,5296.584191437036,0,0,Standard/Low Priority
CUST-02612,0.14383758746613381,6282.370235841564,1,0,Standard/Low Priority
CUST-02613,0.22848649276188243,4959.456090223035,0,0,Standard/Low Priority
CUST-02614,0.1892038176266053,5511.681534488087,0,0,Standard/Low Priority
CUST-02615,0.17359373956379368,4855.737615121168,0,0,Standard/Low Priority
CUST-02616,0.21030205738328367,3880.3683077841333,2,0,Standard/Low Priority
CUST-02617,0.1285878346546041,8442.538981292379,0,0,Standard/Low Priority
CUST-02618,0.18568841610969858,2492.8451024084534,2,0,Standard/Low Priority
CUST-02619,0.11247865888055687,6948.547649722092,0,0,Standard/Low Priority
CUST-02620,0.1255601653391022,4091.316251267484,2,0,Standard/Low Priority
CUST-02621,0.14129969730495603,7737.120661737326,0,0,Standard/Low Priority
CUST-02622,0.126186698479046,4105.746625933762,2,0,Standard/Low Priority
CUST-02623,0.1554210099616857,8132.8010548171505,0,0,Standard/Low Priority
CUST-02624,0.1881174530214631,4827.424466645644,2,0,Standard/Low Priority
CUST-02625,0.1455929903864558,8244.6627221477,0,0,Standard/Low Priority
CUST-02626,0.18685955429879975,5976.799843404214,1,0,Standard/Low Priority
CUST-02627,0.1434867445775393,8128.870172929312,0,0,Standard/Low Priority
CUST-02628,0.17447540957115032,3967.894029824858,2,0,Standard/Low Priority
CUST-02629,0.20044344993419372,6911.697868245171,0,0,Standard/Low Priority
CUST-02630,0.20216960032558653,3288.0256918882214,2,0,Standard/Low Priority
CUST-02631,0.22684324505650516,5379.522560314961,0,0,Standard/Low Priority
CUST-02632,0.16611150912490075,4893.678463428907,2,0,Standard/Low Priority
CUST-02633,0.2264123228925672,4920.112253265556,1,0,Standard/Low Priority
CUST-02634,0.12945016520087846,6639.17831616652,0,0,Standard/Low Priority
CUST-02635,0.118673294808099,5707.712088313823,2,0,Standard/Low Priority
CUST-02636,0.16283671351718032,5678.656364831943,1,0,Standard/Low Priority
CUST-02637,0.11903476627558311,7122.152191841747,1,0,Standard/Low Priority
CUST-02638,0.1198786682410684,9843.143538245668,0,0,Standard/Low Priority
CUST-02639,0.1503624475171054,6741.17722156169,0,0,Standard/Low Priority
CUST-02640,0.2477091816810967,6479.863228283507,0,1,Standard/Low Priority
CUST-02641,0.14147682561286148,4606.780161627505,2,0,Standard/Low Priority
CUST-02642,0.16203670903134137,6053.436212232852,0,1,Standard/Low Priority
CUST-02643,0.22872292218422735,4648.1080338662305,1,0,Standard/Low Priority
CUST-02644,0.2251915709195444,5879.59573704306,1,0,Standard/Low Priority
CUST-02645,0.17925723795138077,7200.604458380555,1,0,Standard/Low Priority
CUST-02646,0.14945357723313096,6622.814262841311,1,0,Standard/Low Priority
CUST-02647,0.209329500267009,5777.496106492168,1,0,Standard/Low Priority
CUST-02648,0.13762553497892774,4867.581470138519,2,0,Standard/Low Priority
CUST-02649,0.17611735676218326,5693.107667971876,0,0,Standard/Low Priority
CUST-02650,0.22835055051872521,6080.205237719151,0,0,Standard/Low Priority
CUST-02651,0.16617847807945396,3530.120575406354,2,0,Standard/Low Priority
CUST-02652,0.1850001658879455,4091.0561108308866,1,0,Standard/Low Priority
CUST-02653,0.11300469283857188,5122.139204947697,1,0,Standard/Low Priority
CUST-02654,0.22257657041504483,5422.623726792702,0,0,Standard/Low Priority
CUST-02655,0.16561191041168122,4620.794957784461,2,0,Standard/Low Priority
CUST-02656,0.17415250792644252,5743.672846619366,0,0,Standard/Low Priority
CUST-02657,0.13337809068598347,6622.331217004979,0,0,Standard/Low Priority
CUST-02658,0.14826351080065403,6207.302761370957,0,0,Standard/Low Priority
CUST-02659,0.12835808414957686,5668.547918190417,1,0,Standard/Low Priority
CUST-02660,0.12676081078958176,4676.9769755604575,2,0,Standard/Low Priority
CUST-02661,0.1532688663095942,6289.212186053686,2,0,Standard/Low Priority
CUST-02662,0.16228499959871445,4356.355770951302,2,0,Standard/Low Priority
CUST-02663,0.22831308222432603,5669.692960497523,0,0,Standard/Low Priority
CUST-02664,0.19828303621831325,4697.603742165835,2,0,Standard/Low Priority
CUST-02665,0.23427563522518846,6039.699532092004,1,0,Standard/Low Priority
CUST-02666,0.2900178631235564,5761.192992862306,1,0,Standard/Low Priority
CUST-02667,0.20389313463119385,4390.963482997699,1,0,Standard/Low Priority
CUST-02668,0.18874694499768657,5328.25146118291,0,0,Standard/Low Priority
CUST-02669,0.16673553834355911,5037.93513861397,2,0,Standard/Low Priority
CUST-02670,0.16292156185300258,4256.805747978655,2,0,Standard/Low Priority
CUST-02671,0.18111853870153602,6086.872340821688,0,0,Standard/Low Priority
CUST-02672,0.15464880604314601,3882.21819261385,2,0,Standard/Low Priority
CUST-02673,0.14035932065602705,8228.381628706124,0,0,Standard/Low Priority
CUST-02674,0.22470886637740556,4438.1021548290755,2,0,Standard/Low Priority
CUST-02675,0.24576662895593657,5627.94618034558,1,0,Standard/Low Priority
CUST-02676,0.24553996661524594,4935.276031494321,0,0,Standard/Low Priority
CUST-02677,0.1669741382446041,4040.615641531145,2,0,Standard/Low Priority
CUST-02678,0.22177927991928748,4855.826469387469,1,0,Standard/Low Priority
CUST-02679,0.2042023776567249,4977.003566111026,0,0,Standard/Low Priority
CUST-02680,0.14151940321315823,7637.751893635462,0,0,Standard/Low Priority
CUST-02681,0.1499659852753177,5601.635107312685,2,0,Standard/Low Priority
CUST-02682,0.141522070246881,4912.735014744429,2,0,Standard/Low Priority
CUST-02683,0.13580244869940739,5484.40229620625,1,0,Standard/Low Priority
CUST-02684,0.12964669935236553,5187.054297275574,2,0,Standard/Low Priority
CUST-02685,0.15766731111609963,7612.465789511444,0,0,Standard/Low Priority
CUST-02686,0.15329820231166041,5614.636107377751,1,0,Standard/Low Priority
CUST-02687,0.12819249794395096,5808.5426698227775,2,0,Standard/Low Priority
CUST-02688,0.14352990523556047,5351.980076304181,1,1,Standard/Low Priority
CUST-02689,0.1387418756214122,5615.657960454015,1,0,Standard/Low Priority
CUST-02690,0.1740380391161796,7427.354617760049,0,0,Standard/Low Priority
CUST-02691,0.2100858431805138,5475.889409385353,0,0,Standard/Low Priority
CUST-02692,0.2103491808081106,5888.671020914463,0,0,Standard/Low Priority
CUST-02693,0.18880311562311788,4658.753357058756,1,0,Standard/Low Priority
CUST-02694,0.23409873794575667,6394.4965544639,0,0,Standard/Low Priority
CUST-02695,0.18187560417791473,5110.773198582984,1,0,Standard/Low Priority
CUST-02696,0.1773438993808279,3004.5657529697437,2,0,Standard/Low Priority
CUST-02697,0.23794584104692604,5621.515227758327,0,0,Standard/Low Priority
CUST-02698,0.17698728900814675,7748.873747432387,0,0,Standard/Low Priority
CUST-02699,0.23264392898103278,4212.441876980407,2,0,Standard/Low Priority
CUST-02700,0.18531582756043766,4585.295399915155,2,0,Standard/Low Priority
CUST-02701,0.19878677894546037,3896.8059024145464,2,0,Standard/Low Priority
CUST-02702,0.18315807915452123,4067.9626365347676,1,0,Standard/Low Priority
CUST-02703,0.14752057926320147,5583.148147995185,1,0,Standard/Low Priority
CUST-02704,0.19541837840520912,5479.29535250701,2,1,Standard/Low Priority
CUST-02705,0.24901846648749865,3837.114244342335,2,0,Standard/Low Priority
CUST-02706,0.1508549544482525,3925.3257467883604,2,0,Standard/Low Priority
CUST-02707,0.2120727993546051,2937.8822870319605,2,0,Standard/Low Priority
CUST-02708,0.15136917829949403,5275.69810732319,2,0,Standard/Low Priority
CUST-02709,0.1285699655263381,6395.397824033749,1,0,Standard/Low Priority
CUST-02710,0.12400449601455152,6282.640108206167,2,0,Standard/Low Priority
CUST-02711,0.23609724644913554,5777.281677049754,0,0,Standard/Low Priority
CUST-02712,0.13766990370602356,7381.114612842204,1,0,Standard/Low Priority
CUST-02713,0.11679665964956339,5778.926632150331,1,0,Standard/Low Priority
CUST-02714,0.15161559324454288,7242.436128412104,0,0,Standard/Low Priority
CUST-02715,0.20667122295786114,3604.7188778574805,2,0,Standard/Low Priority
CUST-02716,0.21505932582468204,7689.52509139686,0,0,Standard/Low Priority
CUST-02717,0.1730731066460838,4656.320638094816,2,0,Standard/Low Priority
CUST-02718,0.20155229118587123,5881.132409025385,0,0,Standard/Low Priority
CUST-02719,0.12184959912938716,7688.907217105887,0,0,Standard/Low Priority
CUST-02720,0.22618968347321328,6448.94165933375,1,0,Standard/Low Priority
CUST-02721,0.22869405293854062,3236.8947655252396,2,0,Standard/Low Priority
CUST-02722,0.12056778363726751,6182.85725149594,1,0,Standard/Low Priority
CUST-02723,0.2253515896153765,3920.660370994776,1,0,Standard/Low Priority
CUST-02724,0.11684811863834918,3780.765063309621,2,0,Standard/Low Priority
CUST-02725,0.14379582692338885,3860.454599581029,1,0,Standard/Low Priority
CUST-02726,0.132443507176736,7179.298775915023,1,0,Standard/Low Priority
CUST-02727,0.12774660674454205,6398.702393508274,0,0,Standard/Low Priority
CUST-02728,0.22332267610524986,3913.253326451534,2,0,Standard/Low Priority
CUST-02729,0.20030839811036594,6095.686334729013,0,0,Standard/Low Priority
CUST-02730,0.14930218018283758,7168.620118205117,0,0,Standard/Low Priority
CUST-02731,0.19457514778227092,6882.932988035138,0,0,Standard/Low Priority
CUST-02732,0.21417894684655928,5972.603977619956,0,0,Standard/Low Priority
CUST-02733,0.14117657299811584,6104.930361542098,0,0,Standard/Low Priority
CUST-02734,0.16354787047103328,2480.670626216563,2,0,Standard/Low Priority
CUST-02735,0.1859490994692277,5245.150461063754,1,0,Standard/Low Priority
CUST-02736,0.20375513529658862,4248.239886167781,2,0,Standard/Low Priority
CUST-02737,0.2098055729601908,3470.882653450672,2,1,Standard/Low Priority
CUST-02738,0.14022211133679519,4740.273282259519,2,0,Standard/Low Priority
CUST-02739,0.2003100064361203,4883.635889613153,0,0,Standard/Low Priority
CUST-02740,0.19201469215006584,5938.277967997505,0,0,Standard/Low Priority
CUST-02741,0.18864683827413742,5506.77393310471,1,0,Standard/Low Priority
CUST-02742,0.1522493293959382,8267.041360367853,0,0,Standard/Low Priority
CUST-02743,0.19754480062668542,5576.618522391063,0,0,Standard/Low Priority
CUST-02744,0.20635095350554056,3090.021164273042,2,1,Standard/Low Priority
CUST-02745,0.1557575470980531,6894.228788747442,0,0,Standard/Low Priority
CUST-02746,0.17679848734185716,4001.218448286646,2,0,Standard/Low Priority
CUST-02747,0.13472576202354578,4882.747801124079,2,0,Standard/Low Priority
CUST-02748,0.17127567648185302,5410.227148946205,0,0,Standard/Low Priority
CUST-02749,0.21955272402646414,4849.978034831307,2,0,Standard/Low Priority
CUST-02750,0.17050181635771636,3973.003224354701,2,0,Standard/Low Priority
CUST-02751,0.15395965418053226,4620.772009441789,2,0,Standard/Low Priority
CUST-02752,0.19834447437107855,3503.0309585528066,2,0,Standard/Low Priority
CUST-02753,0.19312784670654257,6037.092276496328,0,0,Standard/Low Priority
CUST-02754,0.19840884967283517,4407.381909425847,2,0,Standard/Low Priority
CUST-02755,0.18086941759684508,3755.3594480382267,2,0,Standard/Low Priority
CUST-02756,0.14325489237388203,5688.557986804197,1,0,Standard/Low Priority
CUST-02757,0.12483761110574573,4868.997728592111,2,0,Standard/Low Priority
CUST-02758,0.20199672044255326,4256.5810354119185,1,0,Standard/Low Priority
CUST-02759,0.17148531237197118,3030.805517253345,2,0,Standard/Low Priority
CUST-02760,0.18536571149835582,4069.37029328429,2,0,Standard/Low Priority
CUST-02761,0.14771653893005643,7803.757278017222,0,0,Standard/Low Priority
CUST-02762,0.18987265442139228,3528.6028836489954,2,0,Standard/Low Priority
CUST-02763,0.17510127104508025,5048.745602684821,2,0,Standard/Low Priority
CUST-02764,0.14437631750676078,7157.951976673484,0,0,Standard/Low Priority
CUST-02765,0.11169403357671183,5021.849880470535,2,0,Standard/Low Priority
CUST-02766,0.17140218961336554,3949.4269414327446,2,0,Standard/Low Priority
CUST-02767,0.2043337895240252,4933.345713893768,0,0,Standard/Low Priority
CUST-02768,0.12415197705714849,5346.756821272616,0,0,Standard/Low Priority
CUST-02769,0.12816916837390063,7211.153185082539,0,0,Standard/Low Priority
CUST-02770,0.19393890952034532,6599.099127715556,0,0,Standard/Low Priority
CUST-02771,0.182008157357732,3092.993375750633,2,0,Standard/Low Priority
CUST-02772,0.16676142030744429,4153.545594490274,2,0,Standard/Low Priority
CUST-02773,0.17830134923412497,5288.2697682383905,0,0,Standard/Low Priority
CUST-02774,0.21212702725336993,4247.206352112513,2,0,Standard/Low Priority
CUST-02775,0.14874430947800002,7422.011786456455,0,0,Standard/Low Priority
CUST-02776,0.16011177408855454,2551.311641596518,2,1,Standard/Low Priority
CUST-02777,0.18209688672060764,5278.743453206797,0,0,Standard/Low Priority
CUST-02778,0.17650048451327705,9351.17677372464,0,0,Standard/Low Priority
CUST-02779,0.22432925270435455,5945.997510483491,0,0,Standard/Low Priority
CUST-02780,0.1801552932343872,3439.586605295704,2,0,Standard/Low Priority
CUST-02781,0.1624112553158194,4774.260576033128,2,0,Standard/Low Priority
CUST-02782,0.24954447912754027,5739.68480473141,0,0,Standard/Low Priority
CUST-02783,0.12035902726532834,6846.061038691421,1,0,Standard/Low Priority
CUST-02784,0.17338859854112787,5102.621829894333,0,0,Standard/Low Priority
CUST-02785,0.2458450878484911,5726.865616731838,0,0,Standard/Low Priority
CUST-02786,0.11821455624671183,6342.088339389188,0,0,Standard/Low Priority
CUST-02787,0.22922344118990265,3638.1722052625514,2,0,Standard/Low Priority
CUST-02788,0.1867663153696224,5719.473702273393,0,0,Standard/Low Priority
CUST-02789,0.2396986049380973,6394.757487685905,1,0,Standard/Low Priority
CUST-02790,0.11326206841192153,3630.306948618646,2,0,Standard/Low Priority
CUST-02791,0.2260169459349057,5762.795459492813,1,0,Standard/Low Priority
CUST-02792,0.18113726104439862,5449.754760921127,1,0,Standard/Low Priority
CUST-02793,0.14947307549773636,6249.7265031162215,0,0,Standard/Low Priority
CUST-02794,0.20442350891327984,7979.2098189317885,0,1,Standard/Low Priority
CUST-02795,0.19354122027364773,5452.866470964658,0,0,Standard/Low Priority
CUST-02796,0.2125109404115058,5087.014763427599,0,0,Standard/Low Priority
CUST-02797,0.11146409034162241,6571.494168857231,0,0,Standard/Low Priority
CUST-02798,0.19912499502563186,5828.789012796077,1,0,Standard/Low Priority
CUST-02799,0.12672338873983408,5553.19396013774,0,0,Standard/Low Priority
CUST-02800,0.21396177297210137,5664.80821969944,0,0,Standard/Low Priority
CUST-02801,0.2397704554540182,7103.478833443956,0,0,Standard/Low Priority
CUST-02802,0.18831578171755475,6151.100567623319,0,0,Standard/Low Priority
CUST-02803,0.18034643698207437,2457.5098627790258,2,0,Standard/Low Priority
CUST-02804,0.21203606830986396,6540.272653064764,0,0,Standard/Low Priority
CUST-02805,0.12639505045404964,4498.758930309258,2,0,Standard/Low Priority
CUST-02806,0.14276060150514813,5535.663981891709,0,0,Standard/Low Priority
CUST-02807,0.2077825335729856,4119.60279199385,1,0,Standard/Low Priority
CUST-02808,0.15930192191250603,3911.092940428275,2,0,Standard/Low Priority
CUST-02809,0.18567324564997484,6787.720814084421,0,0,Standard/Low Priority
CUST-02810,0.1270081066940813,3496.4435372969438,2,0,Standard/Low Priority
CUST-02811,0.26174344783469033,4228.613043648945,2,0,Standard/Low Priority
CUST-02812,0.1414061728292878,5731.062002037206,0,0,Standard/Low Priority
CUST-02813,0.1345808470209873,5076.794403421881,2,0,Standard/Low Priority
CUST-02814,0.13758175203504602,8394.628021274659,1,0,Standard/Low Priority
CUST-02815,0.16341616719255445,4551.1031344588555,2,0,Standard/Low Priority
CUST-02816,0.21955756230755483,6039.699532092004,0,0,Standard/Low Priority
CUST-02817,0.18012170922167692,6024.986493055445,0,0,Standard/Low Priority
CUST-02818,0.21745998568711308,5595.3724399986,0,0,Standard/Low Priority
CUST-02819,0.2067954234957649,5795.362852722757,0,0,Standard/Low Priority
CUST-02820,0.13729462198315714,7097.855160987922,0,0,Standard/Low Priority
CUST-02821,0.24347721694525465,3268.293743071738,2,0,Standard/Low Priority
CUST-02822,0.20869183143904507,2485.85517032922,2,0,Standard/Low Priority
CUST-02823,0.18370345218064033,4321.665819902902,2,0,Standard/Low Priority
CUST-02824,0.1613744510028306,7121.963857160008,1,0,Standard/Low Priority
CUST-02825,0.19888455536966393,6945.39678696947,0,0,Standard/Low Priority
CUST-02826,0.1426336020084502,6391.3543183240145,0,0,Standard/Low Priority
CUST-02827,0.15505520273608242,3233.0591659004176,2,1,Standard/Low Priority
CUST-02828,0.2066562715748269,5612.456225170753,0,0,Standard/Low Priority
CUST-02829,0.16002639469717544,8357.234018857685,0,0,Standard/Low Priority
CUST-02830,0.2006651169404219,6258.442693273724,0,0,Standard/Low Priority
CUST-02831,0.19674284385797008,3410.8998684704115,2,0,Standard/Low Priority
CUST-02832,0.1842581896185932,5480.866986206645,0,0,Standard/Low Priority
CUST-02833,0.21061921395760522,5156.083259762159,1,0,Standard/Low Priority
CUST-02834,0.15300796601791145,5646.370435398035,2,0,Standard/Low Priority
CUST-02835,0.12768372388059868,4922.651222258299,2,0,Standard/Low Priority
CUST-02836,0.19737012929144618,5870.804250499151,0,0,Standard/Low Priority
CUST-02837,0.12090256520011154,5644.240167215805,2,0,Standard/Low Priority
CUST-02838,0.26890980299129646,3754.3658035463823,2,0,Standard/Low Priority
CUST-02839,0.2056930385237767,5350.79588950553,0,0,Standard/Low Priority
CUST-02840,0.12170396952641903,5701.026465006486,2,0,Standard/Low Priority
CUST-02841,0.18777902850649753,4185.133905046088,1,0,Standard/Low Priority
CUST-02842,0.13172149053212498,8440.94425722424,0,0,Standard/Low Priority
CUST-02843,0.2160819827061588,4957.453514286703,1,0,Standard/Low Priority
CUST-02844,0.14181437521226964,4539.288940062518,2,0,Standard/Low Priority
CUST-02845,0.20109617988277362,4747.997174223619,2,0,Standard/Low Priority
CUST-02846,0.16950039427137462,4930.741214571093,1,0,Standard/Low Priority
CUST-02847,0.1457211510716574,7762.725238499328,1,0,Standard/Low Priority
CUST-02848,0.20878990153387395,4158.213137160255,1,0,Standard/Low Priority
CUST-02849,0.24436500850390125,6765.8396362563235,1,0,Standard/Low Priority
CUST-02850,0.1499778876880254,4053.758292523689,2,0,Standard/Low Priority
CUST-02851,0.1891241941152436,4951.648946351655,0,0,Standard/Low Priority
CUST-02852,0.17367334822311853,4122.693577551643,2,0,Standard/Low Priority
CUST-02853,0.1981168324323849,4813.749264077778,1,0,Standard/Low Priority
CUST-02854,0.1658697621271678,4373.592249041415,2,0,Standard/Low Priority
CUST-02855,0.1499470216992686,7178.431260302374,0,0,Standard/Low Priority
CUST-02856,0.12025055620455845,7418.87470838918,0,0,Standard/Low Priority
CUST-02857,0.19580704812921307,4217.968071282932,2,0,Standard/Low Priority
CUST-02858,0.21534976633091318,5910.066681341397,1,0,Standard/Low Priority
CUST-02859,0.25586703938039934,4667.569458666134,2,0,Standard/Low Priority
CUST-02860,0.1786888136846933,3908.866897356449,2,0,Standard/Low Priority
CUST-02861,0.12239146500456805,3905.877242052318,2,0,Standard/Low Priority
CUST-02862,0.1745729207135067,6105.328653550241,0,0,Standard/Low Priority
CUST-02863,0.12362493613295421,5591.602365002725,2,0,Standard/Low Priority
CUST-02864,0.148600669891457,6564.484704003775,1,0,Standard/Low Priority
CUST-02865,0.13057221406995378,5276.9782347801865,2,0,Standard/Low Priority
CUST-02866,0.19691889240537705,6336.3935047754885,0,0,Standard/Low Priority
CUST-02867,0.2713375304438078,2622.625273902686,2,1,Standard/Low Priority
CUST-02868,0.1279189694405839,8259.746039720372,0,0,Standard/Low Priority
CUST-02869,0.1361624631774821,5327.751441238362,1,0,Standard/Low Priority
CUST-02870,0.26850419038467793,4702.575361908736,0,0,Standard/Low Priority
CUST-02871,0.1511822795821837,7439.654857949955,0,0,Standard/Low Priority
CUST-02872,0.13960983305631583,7524.759954306537,0,0,Standard/Low Priority
CUST-02873,0.1915971281074684,4510.31479925818,1,0,Standard/Low Priority
CUST-02874,0.15638744550294384,5619.33705292939,2,0,Standard/Low Priority
CUST-02875,0.21799871552564923,5529.80594262508,0,0,Standard/Low Priority
CUST-02876,0.12812591920352015,4060.0741752685904,1,1,Standard/Low Priority
CUST-02877,0.20080135642368466,2927.2859757355473,2,0,Standard/Low Priority
CUST-02878,0.1871889921176885,4613.138917687301,2,0,Standard/Low Priority
CUST-02879,0.2239450771962622,2979.3023842293733,2,0,Standard/Low Priority
CUST-02880,0.14217296251646416,3213.0891642539063,2,0,Standard/Low Priority
CUST-02881,0.17071989503554555,8791.38278961556,0,0,Standard/Low Priority
CUST-02882,0.18084976868541147,4589.169808878917,1,0,Standard/Low Priority
CUST-02883,0.19016371135296503,5360.690629021561,1,0,Standard/Low Priority
CUST-02884,0.18253824140394162,4976.484775819527,1,0,Standard/Low Priority
CUST-02885,0.23293447211186558,6973.232237254532,0,0,Standard/Low Priority
CUST-02886,0.11917313895922843,3712.940020347839,2,0,Standard/Low Priority
CUST-02887,0.20671980190071806,4099.643838455709,2,1,Standard/Low Priority
CUST-02888,0.12059174561861034,6267.8287620777455,2,0,Standard/Low Priority
CUST-02889,0.1762772114312755,6046.1059311613935,2,0,Standard/Low Priority
CUST-02890,0.23088017185223608,4574.689832766445,2,0,Standard/Low Priority
CUST-02891,0.18982277048347412,3998.0075347819457,2,0,Standard/Low Priority
CUST-02892,0.1188533048746908,7834.455370259157,0,0,Standard/Low Priority
CUST-02893,0.16210350785620523,4954.448507392551,2,0,Standard/Low Priority
CUST-02894,0.14138396195404077,6741.747199613017,0,0,Standard/Low Priority
CUST-02895,0.1622031986796695,2537.8973537981865,2,0,Standard/Low Priority
CUST-02896,0.1942722402470251,5855.656087310544,1,0,Standard/Low Priority
CUST-02897,0.13221859984773368,6461.631746302697,0,0,Standard/Low Priority
CUST-02898,0.16828614859815982,4695.406403438917,2,0,Standard/Low Priority
CUST-02899,0.14626203155887063,5288.677679716384,2,0,Standard/Low Priority
CUST-02900,0.12311846257624208,2795.310750922816,2,1,Standard/Low Priority
CUST-02901,0.20570630522136946,5363.569543428128,0,0,Standard/Low Priority
CUST-02902,0.2823565031460028,5731.393520045245,0,0,Standard/Low Priority
CUST-02903,0.19798643515978437,2923.102622039541,2,0,Standard/Low Priority
CUST-02904,0.12842844327380834,6294.696323640059,1,1,Standard/Low Priority
CUST-02905,0.23122440403156863,5866.639823392893,0,0,Standard/Low Priority
CUST-02906,0.2058193020886757,4566.133947872337,1,0,Standard/Low Priority
CUST-02907,0.1595476047995949,7668.297140469797,0,0,Standard/Low Priority
CUST-02908,0.1212545317488189,5662.032885669577,2,0,Standard/Low Priority
CUST-02909,0.23481681509283236,5555.420996369205,0,0,Standard/Low Priority
CUST-02910,0.12618955220964445,6420.65874430039,0,0,Standard/Low Priority
CUST-02911,0.24018543014878518,5980.5806958551975,0,0,Standard/Low Priority
CUST-02912,0.1345743755827421,6833.523173663192,0,0,Standard/Low Priority
CUST-02913,0.12827432650808773,4632.994974475931,2,0,Standard/Low Priority
CUST-02914,0.20101473319921354,5343.704929552891,1,0,Standard/Low Priority
CUST-02915,0.2884539812633597,5287.7251586187,0,0,Standard/Low Priority
CUST-02916,0.19184374564401677,3377.232908343028,2,0,Standard/Low Priority
CUST-02917,0.13760918628701305,7075.284251768569,0,0,Standard/Low Priority
CUST-02918,0.14016368671736862,7014.225444895805,0,0,Standard/Low Priority
CUST-02919,0.20264513404159376,4431.442074815731,2,0,Standard/Low Priority
CUST-02920,0.12189464298829095,9131.675530091437,0,1,Standard/Low Priority
CUST-02921,0.2094558845579063,3092.040788454162,2,0,Standard/Low Priority
CUST-02922,0.12208666868934553,5086.339716995397,2,0,Standard/Low Priority
CUST-02923,0.15979162617463763,4312.09439759977,2,0,Standard/Low Priority
CUST-02924,0.2374183347513477,5231.436088046816,0,0,Standard/Low Priority
CUST-02925,0.1675164302728604,4037.728649143188,2,0,Standard/Low Priority
CUST-02926,0.11635719042152726,4997.623274775635,2,0,Standard/Low Priority
CUST-02927,0.12777590835710934,7017.136222727159,0,0,Standard/Low Priority
CUST-02928,0.1761563072131474,4073.9907830270354,2,0,Standard/Low Priority
CUST-02929,0.11083959489849099,4927.039754789369,2,0,Standard/Low Priority
CUST-02930,0.2477170891391126,6964.847029538121,0,0,Standard/Low Priority
CUST-02931,0.18180366039673207,3877.137541384598,2,0,Standard/Low Priority
CUST-02932,0.12850824614597398,4014.5237458880015,2,0,Standard/Low Priority
CUST-02933,0.21870159558489433,4227.1705514220475,2,0,Standard/Low Priority
CUST-02934,0.11515236474907241,3628.8620791569947,2,0,Standard/Low Priority
CUST-02935,0.12740010124908527,5154.254803431678,2,0,Standard/Low Priority
CUST-02936,0.21383942097108302,5566.3186915080405,0,0,Standard/Low Priority
CUST-02937,0.21067656191330275,6560.512825493263,0,0,Standard/Low Priority
CUST-02938,0.17787227557583526,5986.2602415352,0,0,Standard/Low Priority
CUST-02939,0.18341707238391458,4907.1686263816355,0,0,Standard/Low Priority
CUST-02940,0.12413511055795581,3947.0124490361163,2,0,Standard/Low Priority
CUST-02941,0.18882404932281766,4157.375220015349,1,0,Standard/Low Priority
CUST-02942,0.12250040004229021,6125.76805627199,2,0,Standard/Low Priority
CUST-02943,0.18869985510559295,5522.339080422874,0,0,Standard/Low Priority
CUST-02944,0.22698133710952198,2391.041867926333,2,0,Standard/Low Priority
CUST-02945,0.20966020719790954,7835.947524166675,0,1,Standard/Low Priority
CUST-02946,0.24280219321085258,4516.886917294855,2,0,Standard/Low Priority
CUST-02947,0.14305095701236367,4142.771276869311,2,0,Standard/Low Priority
CUST-02948,0.1288559168110222,6517.04507368486,0,0,Standard/Low Priority
CUST-02949,0.1326245814214559,5446.512169884446,1,0,Standard/Low Priority
CUST-02950,0.18385857250570148,3668.017292606546,2,0,Standard/Low Priority
CUST-02951,0.19014125585760377,4393.885495028336,2,0,Standard/Low Priority
CUST-02952,0.15408732808100373,7809.554967731425,0,0,Standard/Low Priority
CUST-02953,0.2011830593696675,5904.089109958014,1,0,Standard/Low Priority
CUST-02954,0.11241681327387372,5848.870325108491,0,0,Standard/Low Priority
CUST-02955,0.11010670600815223,5678.861080924851,0,0,Standard/Low Priority
CUST-02956,0.12940508962222577,7636.150200948597,0,0,Standard/Low Priority
CUST-02957,0.1068594229871482,3748.2728100956438,2,0,Standard/Low Priority
CUST-02958,0.12280985037370883,4064.389417820275,2,0,Standard/Low Priority
CUST-02959,0.21183862442788268,3629.5598624773847,2,0,Standard/Low Priority
CUST-02960,0.13183108845563754,7193.931557043253,0,0,Standard/Low Priority
CUST-02961,0.1538694284875486,7846.5932151011775,0,0,Standard/Low Priority
CUST-02962,0.20708848883590597,5828.789032674134,0,0,Standard/Low Priority
CUST-02963,0.11985049276181693,6047.1240008409995,2,0,Standard/Low Priority
CUST-02964,0.22286935113724574,6809.964275996687,0,0,Standard/Low Priority
CUST-02965,0.20294119781836273,4646.544681046272,2,0,Standard/Low Priority
CUST-02966,0.14734277314247865,5530.127396176248,1,1,Standard/Low Priority
CUST-02967,0.1550586665718487,6779.749823769934,1,0,Standard/Low Priority
CUST-02968,0.2665738567966852,5649.117854825906,1,0,Standard/Low Priority
CUST-02969,0.12079128595746969,3443.2805729949832,2,0,Standard/Low Priority
CUST-02970,0.20991853342250275,4072.9877420619755,2,0,Standard/Low Priority
CUST-02971,0.1655436595126387,4149.758713606108,2,0,Standard/Low Priority
CUST-02972,0.26106631393153756,5746.276425609454,1,0,Standard/Low Priority
CUST-02973,0.158229946774527,6152.979263118861,2,0,Standard/Low Priority
CUST-02974,0.2598049183448882,5604.79498893268,1,0,Standard/Low Priority
CUST-02975,0.16776436068002545,3782.667779360248,2,0,Standard/Low Priority
CUST-02976,0.11742349203542522,3380.8065263778767,2,0,Standard/Low Priority
CUST-02977,0.22041428770469487,3871.5682353635066,2,0,Standard/Low Priority
CUST-02978,0.16910241630787987,5130.08844188555,1,0,Standard/Low Priority
CUST-02979,0.1807979998643613,3807.5057658568503,2,0,Standard/Low Priority
CUST-02980,0.1359495142098824,5498.446322479493,1,0,Standard/Low Priority
CUST-02981,0.1415917521808342,6290.49150367457,0,0,Standard/Low Priority
CUST-02982,0.14375070221763975,7567.852963634458,0,0,Standard/Low Priority
CUST-02983,0.18505606309943284,3271.4361268949488,2,0,Standard/Low Priority
CUST-02984,0.24791881970485755,4632.392520570367,2,0,Standard/Low Priority
CUST-02985,0.1448106225963546,4131.617321780372,2,0,Standard/Low Priority
CUST-02986,0.16505246086495495,4305.309775520543,2,0,Standard/Low Priority
CUST-02987,0.16870484166707686,4004.0070992229607,1,0,Standard/Low Priority
CUST-02988,0.19141252972313488,5269.833859327848,0,0,Standard/Low Priority
CUST-02989,0.17888550652641869,6044.121187696834,0,0,Standard/Low Priority
CUST-02990,0.24650106616014444,5521.166277364548,0,0,Standard/Low Priority
CUST-02991,0.12829872235680703,4883.878126618337,2,0,Standard/Low Priority
CUST-02992,0.22995021523730164,3814.832597167918,2,0,Standard/Low Priority
CUST-02993,0.12596854047580242,4395.983233330573,2,0,Standard/Low Priority
CUST-02994,0.1686670414218852,3877.401634932252,2,0,Standard/Low Priority
CUST-02995,0.11118446590759501,6410.76389271838,1,0,Standard/Low Priority
CUST-02996,0.1395799821626575,6099.916953814989,0,0,Standard/Low Priority
CUST-02997,0.12162660761637138,5948.963671389891,1,0,Standard/Low Priority
CUST-02998,0.18386723833810797,5733.433071056727,0,0,Standard/Low Priority
CUST-02999,0.12409668723872656,5538.66123683285,0,0,Standard/Low Priority
CUST-03000,0.18762151587234213,3801.1363597331965,2,0,Standard/Low Priority
